iso3c,country,SNAU_2016,SNAU_2017,SNAU_2018,SNAU_2019,SPI.D1.1.SNAU_2016,SPI.D1.1.SNAU_2017,SPI.D1.1.SNAU_2018,SPI.D1.1.SNAU_2019,iso2c,capital,long,lat,regionID,region_iso2c,region,adminID,admin_iso2c,admin,incomeID,income_iso2c,income,lendingID,lending_iso2c,lending
AFG,Afghanistan,SNA 1993,SNA 1993,SNA 1993,SNA 1993,0.5,0.5,0.5,0.5,AF,Kabul,69.1761,34.5228,SAS,8S,South Asia,SAS,8S,South Asia,LIC,XM,Low income,IDX,XI,IDA
ALB,Albania,SNA 1993,SNA 1993,SNA 2008,SNA 2008,0.5,0.5,1,1,AL,Tirane,19.8172,41.3317,ECS,Z7,Europe & Central Asia,ECA,7E,Europe & Central Asia (excluding high income),UMC,XT,Upper middle income,IBD,XF,IBRD
DZA,Algeria,SNA 1968,SNA 1968,SNA 1993,SNA 1993,0,0,0.5,0.5,DZ,Algiers,3.05097,36.7397,MEA,ZQ,Middle East & North Africa,MNA,XQ,Middle East & North Africa (excluding high income),UMC,XT,Upper middle income,IBD,XF,IBRD
AGO,Angola,SNA 1993,SNA 1993,SNA 1993,SNA 1993,0.5,0.5,0.5,0.5,AO,Luanda,13.242,-8.81155,SSF,ZG,Sub-Saharan Africa ,SSA,ZF,Sub-Saharan Africa (excluding high income),LMC,XN,Lower middle income,IBD,XF,IBRD
ATG,Antigua and Barbuda,SNA 1993,SNA 1993,SNA 1993,SNA 2008,0.5,0.5,0.5,1,AG,Saint John's,-61.8456,17.1175,LCN,ZJ,Latin America & Caribbean ,NA,NA,NA,HIC,XD,High income,IBD,XF,IBRD
ARG,Argentina,SNA 2008,SNA 2008,SNA 2008,SNA 2008,1,1,1,1,AR,Buenos Aires,-58.4173,-34.6118,LCN,ZJ,Latin America & Caribbean ,LAC,XJ,Latin America & Caribbean (excluding high income),UMC,XT,Upper middle income,IBD,XF,IBRD
ARM,Armenia,SNA 1993,SNA 1993,SNA 2008,SNA 2008,0.5,0.5,1,1,AM,Yerevan,44.509,40.1596,ECS,Z7,Europe & Central Asia,ECA,7E,Europe & Central Asia (excluding high income),UMC,XT,Upper middle income,IBD,XF,IBRD
AUS,Australia,SNA 2008,SNA 2008,SNA 2008,NA,1,1,1,NA,AU,Canberra,149.129,-35.282,EAS,Z4,East Asia & Pacific,NA,NA,NA,HIC,XD,High income,LNX,XX,Not classified
AUT,Austria,SNA 2008,SNA 2008,SNA 2008,NA,1,1,1,NA,AT,Vienna,16.3798,48.2201,ECS,Z7,Europe & Central Asia,NA,NA,NA,HIC,XD,High income,LNX,XX,Not classified
AZE,Azerbaijan,SNA 1993,SNA 1993,SNA 1993,SNA 1993,0.5,0.5,0.5,0.5,AZ,Baku,49.8932,40.3834,ECS,Z7,Europe & Central Asia,ECA,7E,Europe & Central Asia (excluding high income),UMC,XT,Upper middle income,IBD,XF,IBRD
BHS,"Bahamas, The",SNA 1993,SNA 1993,SNA 2008,NA,0.5,0.5,1,NA,BS,Nassau,-77.339,25.0661,LCN,ZJ,Latin America & Caribbean ,NA,NA,NA,HIC,XD,High income,LNX,XX,Not classified
BHR,Bahrain,SNA 1993,SNA 1993,SNA 1993,NA,0.5,0.5,0.5,NA,BH,Manama,50.5354,26.1921,MEA,ZQ,Middle East & North Africa,NA,NA,NA,HIC,XD,High income,LNX,XX,Not classified
BGD,Bangladesh,SNA 1993,SNA 1993,SNA 1993,SNA 1993,0.5,0.5,0.5,0.5,BD,Dhaka,90.4113,23.7055,SAS,8S,South Asia,SAS,8S,South Asia,LMC,XN,Lower middle income,IDX,XI,IDA
BRB,Barbados,SNA 1993,SNA 1993,SNA 1993,NA,0.5,0.5,0.5,NA,BB,Bridgetown,-59.6105,13.0935,LCN,ZJ,Latin America & Caribbean ,NA,NA,NA,HIC,XD,High income,LNX,XX,Not classified
BLR,Belarus,SNA 1993,SNA 1993,SNA 2008,SNA 2008,0.5,0.5,1,1,BY,Minsk,27.5766,53.9678,ECS,Z7,Europe & Central Asia,ECA,7E,Europe & Central Asia (excluding high income),UMC,XT,Upper middle income,IBD,XF,IBRD
BEL,Belgium,SNA 2008,SNA 2008,SNA 2008,NA,1,1,1,NA,BE,Brussels,4.36761,50.8371,ECS,Z7,Europe & Central Asia,NA,NA,NA,HIC,XD,High income,LNX,XX,Not classified
BLZ,Belize,SNA 1993,SNA 1993,SNA 1993,SNA 1993,0.5,0.5,0.5,0.5,BZ,Belmopan,-88.7713,17.2534,LCN,ZJ,Latin America & Caribbean ,LAC,XJ,Latin America & Caribbean (excluding high income),UMC,XT,Upper middle income,IBD,XF,IBRD
BEN,Benin,SNA 1968,SNA 1968,SNA 1993,SNA 1993,0,0,0.5,0.5,BJ,Porto-Novo,2.6323,6.4779,SSF,ZG,Sub-Saharan Africa ,SSA,ZF,Sub-Saharan Africa (excluding high income),LIC,XM,Low income,IDX,XI,IDA
BTN,Bhutan,SNA 1993,SNA 1993,SNA 1993,SNA 1993,0.5,0.5,0.5,0.5,BT,Thimphu,89.6177,27.5768,SAS,8S,South Asia,SAS,8S,South Asia,LMC,XN,Lower middle income,IDX,XI,IDA
BOL,Bolivia,SNA 1968,SNA 1968,SNA 1968,SNA 1993,0,0,0,0.5,BO,La Paz,-66.1936,-13.9908,LCN,ZJ,Latin America & Caribbean ,LAC,XJ,Latin America & Caribbean (excluding high income),LMC,XN,Lower middle income,IBD,XF,IBRD
BIH,Bosnia and Herzegovina,SNA 1993,SNA 1993,SNA 1993,SNA 1993,0.5,0.5,0.5,0.5,BA,Sarajevo,18.4214,43.8607,ECS,Z7,Europe & Central Asia,ECA,7E,Europe & Central Asia (excluding high income),UMC,XT,Upper middle income,IBD,XF,IBRD
BWA,Botswana,SNA 1993,SNA 1993,SNA 1993,SNA 1993,0.5,0.5,0.5,0.5,BW,Gaborone,25.9201,-24.6544,SSF,ZG,Sub-Saharan Africa ,SSA,ZF,Sub-Saharan Africa (excluding high income),UMC,XT,Upper middle income,IBD,XF,IBRD
BRA,Brazil,SNA 2008,SNA 2008,SNA 2008,SNA 2008,1,1,1,1,BR,Brasilia,-47.9292,-15.7801,LCN,ZJ,Latin America & Caribbean ,LAC,XJ,Latin America & Caribbean (excluding high income),UMC,XT,Upper middle income,IBD,XF,IBRD
BRN,Brunei Darussalam,SNA 1993,SNA 1993,SNA 2008,NA,0.5,0.5,1,NA,BN,Bandar Seri Begawan,114.946,4.94199,EAS,Z4,East Asia & Pacific,NA,NA,NA,HIC,XD,High income,LNX,XX,Not classified
BGR,Bulgaria,SNA 1993,SNA 1993,SNA 2008,SNA 2008,0.5,0.5,1,1,BG,Sofia,23.3238,42.7105,ECS,Z7,Europe & Central Asia,ECA,7E,Europe & Central Asia (excluding high income),UMC,XT,Upper middle income,IBD,XF,IBRD
BFA,Burkina Faso,SNA 1993,SNA 1993,SNA 1993,SNA 1993,0.5,0.5,0.5,0.5,BF,Ouagadougou,-1.53395,12.3605,SSF,ZG,Sub-Saharan Africa ,SSA,ZF,Sub-Saharan Africa (excluding high income),LIC,XM,Low income,IDX,XI,IDA
BDI,Burundi,SNA 1993,SNA 1993,SNA 1993,SNA 1993,0.5,0.5,0.5,0.5,BI,Bujumbura,29.3639,-3.3784,SSF,ZG,Sub-Saharan Africa ,SSA,ZF,Sub-Saharan Africa (excluding high income),LIC,XM,Low income,IDX,XI,IDA
CPV,Cabo Verde,SNA 1993,SNA 1993,SNA 1993,SNA 1993,0.5,0.5,0.5,0.5,CV,Praia,-23.5087,14.9218,SSF,ZG,Sub-Saharan Africa ,SSA,ZF,Sub-Saharan Africa (excluding high income),LMC,XN,Lower middle income,IDB,XH,Blend
KHM,Cambodia,SNA 1993,SNA 1993,SNA 1993,SNA 1993,0.5,0.5,0.5,0.5,KH,Phnom Penh,104.874,11.5556,EAS,Z4,East Asia & Pacific,EAP,4E,East Asia & Pacific (excluding high income),LMC,XN,Lower middle income,IDX,XI,IDA
CMR,Cameroon,SNA 1993,SNA 1993,SNA 1993,SNA 1993,0.5,0.5,0.5,0.5,CM,Yaounde,11.5174,3.8721,SSF,ZG,Sub-Saharan Africa ,SSA,ZF,Sub-Saharan Africa (excluding high income),LMC,XN,Lower middle income,IDB,XH,Blend
CAN,Canada,SNA 2008,SNA 2008,SNA 2008,NA,1,1,1,NA,CA,Ottawa,-75.6919,45.4215,NAC,XU,North America,NA,NA,NA,HIC,XD,High income,LNX,XX,Not classified
CAF,Central African Republic,SNA 1968,SNA 1968,SNA 1968,SNA 1993,0,0,0,0.5,CF,Bangui,21.6407,5.63056,SSF,ZG,Sub-Saharan Africa ,SSA,ZF,Sub-Saharan Africa (excluding high income),LIC,XM,Low income,IDX,XI,IDA
TCD,Chad,SNA 1993,SNA 1993,SNA 1993,SNA 1993,0.5,0.5,0.5,0.5,TD,N'Djamena,15.0445,12.1048,SSF,ZG,Sub-Saharan Africa ,SSA,ZF,Sub-Saharan Africa (excluding high income),LIC,XM,Low income,IDX,XI,IDA
CHL,Chile,SNA 1993,SNA 1993,SNA 2008,SNA 2008,0.5,0.5,1,1,CL,Santiago,-70.6475,-33.475,LCN,ZJ,Latin America & Caribbean ,NA,NA,NA,HIC,XD,High income,IBD,XF,IBRD
CHN,China,SNA 1993,SNA 1993,SNA 2008,SNA 2008,0.5,0.5,1,1,CN,Beijing,116.286,40.0495,EAS,Z4,East Asia & Pacific,EAP,4E,East Asia & Pacific (excluding high income),UMC,XT,Upper middle income,IBD,XF,IBRD
COL,Colombia,SNA 1993,SNA 1993,SNA 1993,SNA 2008,0.5,0.5,0.5,1,CO,Bogota,-74.082,4.60987,LCN,ZJ,Latin America & Caribbean ,LAC,XJ,Latin America & Caribbean (excluding high income),UMC,XT,Upper middle income,IBD,XF,IBRD
COM,Comoros,SNA 1968,SNA 1968,SNA 1993,SNA 2008,0,0,0.5,1,KM,Moroni,43.2418,-11.6986,SSF,ZG,Sub-Saharan Africa ,SSA,ZF,Sub-Saharan Africa (excluding high income),LMC,XN,Lower middle income,IDX,XI,IDA
COD,"Congo, Dem. Rep.",SNA 1968,SNA 1968,SNA 1993,SNA 1993,0,0,0.5,0.5,CD,Kinshasa,15.3222,-4.325,SSF,ZG,Sub-Saharan Africa ,SSA,ZF,Sub-Saharan Africa (excluding high income),LIC,XM,Low income,IDX,XI,IDA
COG,"Congo, Rep.",SNA 1968,SNA 1968,SNA 1968,SNA 1968,0,0,0,0,CG,Brazzaville,15.2662,-4.2767,SSF,ZG,Sub-Saharan Africa ,SSA,ZF,Sub-Saharan Africa (excluding high income),LMC,XN,Lower middle income,IDB,XH,Blend
CRI,Costa Rica,SNA 1993,SNA 2008,SNA 2008,SNA 2008,0.5,1,1,1,CR,San Jose,-84.0089,9.63701,LCN,ZJ,Latin America & Caribbean ,LAC,XJ,Latin America & Caribbean (excluding high income),UMC,XT,Upper middle income,IBD,XF,IBRD
CIV,Cote d'Ivoire,SNA 1968,SNA 1968,SNA 1993,SNA 1993,0,0,0.5,0.5,CI,Yamoussoukro,-4.0305,5.332,SSF,ZG,Sub-Saharan Africa ,SSA,ZF,Sub-Saharan Africa (excluding high income),LMC,XN,Lower middle income,IDX,XI,IDA
HRV,Croatia,SNA 1993,SNA 1993,SNA 2008,SNA 2008,0.5,0.5,1,1,HR,Zagreb,15.9614,45.8069,ECS,Z7,Europe & Central Asia,NA,NA,NA,HIC,XD,High income,IBD,XF,IBRD
CYP,Cyprus,SNA 1993,SNA 1993,SNA 2008,NA,0.5,0.5,1,NA,CY,Nicosia,33.3736,35.1676,ECS,Z7,Europe & Central Asia,NA,NA,NA,HIC,XD,High income,LNX,XX,Not classified
CZE,Czech Republic,SNA 2008,SNA 2008,SNA 2008,NA,1,1,1,NA,CZ,Prague,14.4205,50.0878,ECS,Z7,Europe & Central Asia,NA,NA,NA,HIC,XD,High income,LNX,XX,Not classified
DNK,Denmark,SNA 2008,SNA 2008,SNA 2008,NA,1,1,1,NA,DK,Copenhagen,12.5681,55.6763,ECS,Z7,Europe & Central Asia,NA,NA,NA,HIC,XD,High income,LNX,XX,Not classified
DJI,Djibouti,SNA 1968,SNA 1968,SNA 1993,SNA 1993,0,0,0.5,0.5,DJ,Djibouti,43.1425,11.5806,MEA,ZQ,Middle East & North Africa,MNA,XQ,Middle East & North Africa (excluding high income),LMC,XN,Lower middle income,IDX,XI,IDA
DMA,Dominica,SNA 1993,SNA 1993,SNA 1993,SNA 1993,0.5,0.5,0.5,0.5,DM,Roseau,-61.39,15.2976,LCN,ZJ,Latin America & Caribbean ,LAC,XJ,Latin America & Caribbean (excluding high income),UMC,XT,Upper middle income,IDB,XH,Blend
DOM,Dominican Republic,SNA 2008,SNA 2008,SNA 2008,SNA 2008,1,1,1,1,DO,Santo Domingo,-69.8908,18.479,LCN,ZJ,Latin America & Caribbean ,LAC,XJ,Latin America & Caribbean (excluding high income),UMC,XT,Upper middle income,IBD,XF,IBRD
ECU,Ecuador,SNA 2008,SNA 2008,SNA 2008,SNA 2008,1,1,1,1,EC,Quito,-78.5243,-0.229498,LCN,ZJ,Latin America & Caribbean ,LAC,XJ,Latin America & Caribbean (excluding high income),UMC,XT,Upper middle income,IBD,XF,IBRD
EGY,"Egypt, Arab Rep.",SNA 1993,SNA 1993,SNA 1993,SNA 1993,0.5,0.5,0.5,0.5,EG,Cairo,31.2461,30.0982,MEA,ZQ,Middle East & North Africa,MNA,XQ,Middle East & North Africa (excluding high income),LMC,XN,Lower middle income,IBD,XF,IBRD
SLV,El Salvador,SNA 1968,SNA 1968,SNA 2008,SNA 2008,0,0,1,1,SV,San Salvador,-89.2073,13.7034,LCN,ZJ,Latin America & Caribbean ,LAC,XJ,Latin America & Caribbean (excluding high income),LMC,XN,Lower middle income,IBD,XF,IBRD
GNQ,Equatorial Guinea,SNA 1968,SNA 1968,SNA 1993,SNA 1993,0,0,0.5,0.5,GQ,Malabo,8.7741,3.7523,SSF,ZG,Sub-Saharan Africa ,SSA,ZF,Sub-Saharan Africa (excluding high income),UMC,XT,Upper middle income,IBD,XF,IBRD
ERI,Eritrea,SNA 1968,SNA 1968,SNA 1968,SNA 1968,0,0,0,0,ER,Asmara,38.9183,15.3315,SSF,ZG,Sub-Saharan Africa ,SSA,ZF,Sub-Saharan Africa (excluding high income),LIC,XM,Low income,IDX,XI,IDA
EST,Estonia,SNA 2008,SNA 2008,SNA 2008,NA,1,1,1,NA,EE,Tallinn,24.7586,59.4392,ECS,Z7,Europe & Central Asia,NA,NA,NA,HIC,XD,High income,LNX,XX,Not classified
SWZ,Eswatini,SNA 1993,SNA 1993,SNA 2008,SNA 2008,0.5,0.5,1,1,SZ,Mbabane,31.4659,-26.5225,SSF,ZG,Sub-Saharan Africa ,SSA,ZF,Sub-Saharan Africa (excluding high income),LMC,XN,Lower middle income,IBD,XF,IBRD
ETH,Ethiopia,SNA 1993,SNA 1993,SNA 1993,SNA 1993,0.5,0.5,0.5,0.5,ET,Addis Ababa,38.7468,9.02274,SSF,ZG,Sub-Saharan Africa ,SSA,ZF,Sub-Saharan Africa (excluding high income),LIC,XM,Low income,IDX,XI,IDA
FJI,Fiji,SNA 1993,SNA 1993,SNA 2008,SNA 2008,0.5,0.5,1,1,FJ,Suva,178.399,-18.1149,EAS,Z4,East Asia & Pacific,EAP,4E,East Asia & Pacific (excluding high income),UMC,XT,Upper middle income,IDB,XH,Blend
FIN,Finland,SNA 2008,SNA 2008,SNA 2008,NA,1,1,1,NA,FI,Helsinki,24.9525,60.1608,ECS,Z7,Europe & Central Asia,NA,NA,NA,HIC,XD,High income,LNX,XX,Not classified
FRA,France,SNA 2008,SNA 2008,SNA 2008,NA,1,1,1,NA,FR,Paris,2.35097,48.8566,ECS,Z7,Europe & Central Asia,NA,NA,NA,HIC,XD,High income,LNX,XX,Not classified
GAB,Gabon,SNA 1993,SNA 1993,SNA 1993,SNA 1993,0.5,0.5,0.5,0.5,GA,Libreville,9.45162,0.38832,SSF,ZG,Sub-Saharan Africa ,SSA,ZF,Sub-Saharan Africa (excluding high income),UMC,XT,Upper middle income,IBD,XF,IBRD
GMB,"Gambia, The",SNA 1993,SNA 1993,SNA 1993,SNA 2008,0.5,0.5,0.5,1,GM,Banjul,-16.5885,13.4495,SSF,ZG,Sub-Saharan Africa ,SSA,ZF,Sub-Saharan Africa (excluding high income),LIC,XM,Low income,IDX,XI,IDA
GEO,Georgia,SNA 1993,SNA 1993,SNA 1993,SNA 1993,0.5,0.5,0.5,0.5,GE,Tbilisi,44.793,41.71,ECS,Z7,Europe & Central Asia,ECA,7E,Europe & Central Asia (excluding high income),UMC,XT,Upper middle income,IBD,XF,IBRD
DEU,Germany,SNA 2008,SNA 2008,SNA 2008,NA,1,1,1,NA,DE,Berlin,13.4115,52.5235,ECS,Z7,Europe & Central Asia,NA,NA,NA,HIC,XD,High income,LNX,XX,Not classified
GHA,Ghana,SNA 1993,SNA 1993,SNA 1993,SNA 2008,0.5,0.5,0.5,1,GH,Accra,-0.20795,5.57045,SSF,ZG,Sub-Saharan Africa ,SSA,ZF,Sub-Saharan Africa (excluding high income),LMC,XN,Lower middle income,IDX,XI,IDA
GRC,Greece,SNA 2008,SNA 2008,SNA 2008,NA,1,1,1,NA,GR,Athens,23.7166,37.9792,ECS,Z7,Europe & Central Asia,NA,NA,NA,HIC,XD,High income,LNX,XX,Not classified
GRD,Grenada,SNA 1968,SNA 1968,SNA 1993,SNA 1993,0,0,0.5,0.5,GD,Saint George's,-61.7449,12.0653,LCN,ZJ,Latin America & Caribbean ,LAC,XJ,Latin America & Caribbean (excluding high income),UMC,XT,Upper middle income,IDB,XH,Blend
GTM,Guatemala,SNA 1993,SNA 1993,SNA 1993,SNA 1993,0.5,0.5,0.5,0.5,GT,Guatemala City,-90.5328,14.6248,LCN,ZJ,Latin America & Caribbean ,LAC,XJ,Latin America & Caribbean (excluding high income),UMC,XT,Upper middle income,IBD,XF,IBRD
GIN,Guinea,SNA 1993,SNA 1993,SNA 1993,SNA 2008,0.5,0.5,0.5,1,GN,Conakry,-13.7,9.51667,SSF,ZG,Sub-Saharan Africa ,SSA,ZF,Sub-Saharan Africa (excluding high income),LIC,XM,Low income,IDX,XI,IDA
GNB,Guinea-Bissau,SNA 1993,SNA 1993,SNA 1993,SNA 1993,0.5,0.5,0.5,0.5,GW,Bissau,-15.1804,11.8037,SSF,ZG,Sub-Saharan Africa ,SSA,ZF,Sub-Saharan Africa (excluding high income),LIC,XM,Low income,IDX,XI,IDA
GUY,Guyana,SNA 1993,SNA 1993,SNA 1993,SNA 1993,0.5,0.5,0.5,0.5,GY,Georgetown,-58.1548,6.80461,LCN,ZJ,Latin America & Caribbean ,LAC,XJ,Latin America & Caribbean (excluding high income),UMC,XT,Upper middle income,IDX,XI,IDA
HTI,Haiti,SNA 1968,SNA 1968,SNA 1968,SNA 1968,0,0,0,0,HT,Port-au-Prince,-72.3288,18.5392,LCN,ZJ,Latin America & Caribbean ,LAC,XJ,Latin America & Caribbean (excluding high income),LIC,XM,Low income,IDX,XI,IDA
HND,Honduras,SNA 1993,SNA 1993,SNA 1993,SNA 1993,0.5,0.5,0.5,0.5,HN,Tegucigalpa,-87.4667,15.1333,LCN,ZJ,Latin America & Caribbean ,LAC,XJ,Latin America & Caribbean (excluding high income),LMC,XN,Lower middle income,IDX,XI,IDA
HUN,Hungary,SNA 2008,SNA 2008,SNA 2008,NA,1,1,1,NA,HU,Budapest,19.0408,47.4984,ECS,Z7,Europe & Central Asia,NA,NA,NA,HIC,XD,High income,LNX,XX,Not classified
ISL,Iceland,SNA 2008,SNA 2008,SNA 2008,NA,1,1,1,NA,IS,Reykjavik,-21.8952,64.1353,ECS,Z7,Europe & Central Asia,NA,NA,NA,HIC,XD,High income,LNX,XX,Not classified
IND,India,SNA 2008,SNA 2008,SNA 2008,SNA 2008,1,1,1,1,IN,New Delhi,77.225,28.6353,SAS,8S,South Asia,SAS,8S,South Asia,LMC,XN,Lower middle income,IBD,XF,IBRD
IDN,Indonesia,SNA 1993,SNA 1993,SNA 2008,SNA 2008,0.5,0.5,1,1,ID,Jakarta,106.83,-6.19752,EAS,Z4,East Asia & Pacific,EAP,4E,East Asia & Pacific (excluding high income),LMC,XN,Lower middle income,IBD,XF,IBRD
IRN,"Iran, Islamic Rep.",SNA 1993,SNA 1993,SNA 1993,SNA 1993,0.5,0.5,0.5,0.5,IR,Tehran,51.4447,35.6878,MEA,ZQ,Middle East & North Africa,MNA,XQ,Middle East & North Africa (excluding high income),UMC,XT,Upper middle income,IBD,XF,IBRD
IRQ,Iraq,SNA 1968,SNA 1968,SNA 1968,SNA 1968,0,0,0,0,IQ,Baghdad,44.394,33.3302,MEA,ZQ,Middle East & North Africa,MNA,XQ,Middle East & North Africa (excluding high income),UMC,XT,Upper middle income,IBD,XF,IBRD
IRL,Ireland,SNA 2008,SNA 2008,SNA 2008,NA,1,1,1,NA,IE,Dublin,-6.26749,53.3441,ECS,Z7,Europe & Central Asia,NA,NA,NA,HIC,XD,High income,LNX,XX,Not classified
ISR,Israel,SNA 2008,SNA 2008,SNA 2008,NA,1,1,1,NA,IL,NA,35.2035,31.7717,MEA,ZQ,Middle East & North Africa,NA,NA,NA,HIC,XD,High income,LNX,XX,Not classified
ITA,Italy,SNA 2008,SNA 2008,SNA 2008,NA,1,1,1,NA,IT,Rome,12.4823,41.8955,ECS,Z7,Europe & Central Asia,NA,NA,NA,HIC,XD,High income,LNX,XX,Not classified
JAM,Jamaica,SNA 1993,SNA 1993,SNA 1993,SNA 1993,0.5,0.5,0.5,0.5,JM,Kingston,-76.792,17.9927,LCN,ZJ,Latin America & Caribbean ,LAC,XJ,Latin America & Caribbean (excluding high income),UMC,XT,Upper middle income,IBD,XF,IBRD
JPN,Japan,SNA 1993,SNA 1993,SNA 2008,NA,0.5,0.5,1,NA,JP,Tokyo,139.77,35.67,EAS,Z4,East Asia & Pacific,NA,NA,NA,HIC,XD,High income,LNX,XX,Not classified
JOR,Jordan,SNA 1968,SNA 1968,SNA 1968,SNA 1968,0,0,0,0,JO,Amman,35.9263,31.9497,MEA,ZQ,Middle East & North Africa,MNA,XQ,Middle East & North Africa (excluding high income),UMC,XT,Upper middle income,IBD,XF,IBRD
KAZ,Kazakhstan,SNA 1993,SNA 1993,SNA 1993,SNA 1993,0.5,0.5,0.5,0.5,KZ,Astana,71.4382,51.1879,ECS,Z7,Europe & Central Asia,ECA,7E,Europe & Central Asia (excluding high income),UMC,XT,Upper middle income,IBD,XF,IBRD
KEN,Kenya,SNA 2008,SNA 2008,SNA 2008,SNA 2008,1,1,1,1,KE,Nairobi,36.8126,-1.27975,SSF,ZG,Sub-Saharan Africa ,SSA,ZF,Sub-Saharan Africa (excluding high income),LMC,XN,Lower middle income,IDB,XH,Blend
KIR,Kiribati,SNA 1993,SNA 1993,SNA 1993,SNA 1993,0.5,0.5,0.5,0.5,KI,Tarawa,172.979,1.32905,EAS,Z4,East Asia & Pacific,EAP,4E,East Asia & Pacific (excluding high income),LMC,XN,Lower middle income,IDX,XI,IDA
KOR,"Korea, Rep.",SNA 2008,SNA 2008,SNA 2008,NA,1,1,1,NA,KR,Seoul,126.957,37.5323,EAS,Z4,East Asia & Pacific,NA,NA,NA,HIC,XD,High income,LNX,XX,Not classified
XKX,Kosovo,SNA 1993,SNA 1993,SNA 1993,SNA 1993,0.5,0.5,0.5,0.5,XK,Pristina,20.926,42.565,ECS,Z7,Europe & Central Asia,ECA,7E,Europe & Central Asia (excluding high income),UMC,XT,Upper middle income,IDX,XI,IDA
KWT,Kuwait,SNA 1993,SNA 1993,SNA 1993,NA,0.5,0.5,0.5,NA,KW,Kuwait City,47.9824,29.3721,MEA,ZQ,Middle East & North Africa,NA,NA,NA,HIC,XD,High income,LNX,XX,Not classified
KGZ,Kyrgyz Republic,SNA 1993,SNA 1993,SNA 1993,SNA 1993,0.5,0.5,0.5,0.5,KG,Bishkek,74.6057,42.8851,ECS,Z7,Europe & Central Asia,ECA,7E,Europe & Central Asia (excluding high income),LMC,XN,Lower middle income,IDX,XI,IDA
LAO,Lao PDR,SNA 1993,SNA 1993,SNA 2008,SNA 2008,0.5,0.5,1,1,LA,Vientiane,102.177,18.5826,EAS,Z4,East Asia & Pacific,EAP,4E,East Asia & Pacific (excluding high income),LMC,XN,Lower middle income,IDX,XI,IDA
LVA,Latvia,SNA 2008,SNA 2008,SNA 2008,NA,1,1,1,NA,LV,Riga,24.1048,56.9465,ECS,Z7,Europe & Central Asia,NA,NA,NA,HIC,XD,High income,LNX,XX,Not classified
LBN,Lebanon,SNA 1993,SNA 1993,SNA 2008,SNA 2008,0.5,0.5,1,1,LB,Beirut,35.5134,33.8872,MEA,ZQ,Middle East & North Africa,MNA,XQ,Middle East & North Africa (excluding high income),UMC,XT,Upper middle income,IBD,XF,IBRD
LSO,Lesotho,SNA 1993,SNA 1993,SNA 1993,SNA 1993,0.5,0.5,0.5,0.5,LS,Maseru,27.7167,-29.5208,SSF,ZG,Sub-Saharan Africa ,SSA,ZF,Sub-Saharan Africa (excluding high income),LMC,XN,Lower middle income,IDX,XI,IDA
LBR,Liberia,SNA 1968,SNA 1968,SNA 1993,SNA 2008,0,0,0.5,1,LR,Monrovia,-10.7957,6.30039,SSF,ZG,Sub-Saharan Africa ,SSA,ZF,Sub-Saharan Africa (excluding high income),LIC,XM,Low income,IDX,XI,IDA
LBY,Libya,SNA 1993,SNA 1993,SNA 1993,SNA 1993,0.5,0.5,0.5,0.5,LY,Tripoli,13.1072,32.8578,MEA,ZQ,Middle East & North Africa,MNA,XQ,Middle East & North Africa (excluding high income),UMC,XT,Upper middle income,IBD,XF,IBRD
LTU,Lithuania,SNA 2008,SNA 2008,SNA 2008,NA,1,1,1,NA,LT,Vilnius,25.2799,54.6896,ECS,Z7,Europe & Central Asia,NA,NA,NA,HIC,XD,High income,LNX,XX,Not classified
LUX,Luxembourg,SNA 2008,SNA 2008,SNA 2008,NA,1,1,1,NA,LU,Luxembourg,6.1296,49.61,ECS,Z7,Europe & Central Asia,NA,NA,NA,HIC,XD,High income,LNX,XX,Not classified
MDG,Madagascar,SNA 1968,SNA 1968,SNA 1968,SNA 1968,0,0,0,0,MG,Antananarivo,45.7167,-20.4667,SSF,ZG,Sub-Saharan Africa ,SSA,ZF,Sub-Saharan Africa (excluding high income),LIC,XM,Low income,IDX,XI,IDA
MWI,Malawi,SNA 2008,SNA 2008,SNA 2008,SNA 2008,1,1,1,1,MW,Lilongwe,33.7703,-13.9899,SSF,ZG,Sub-Saharan Africa ,SSA,ZF,Sub-Saharan Africa (excluding high income),LIC,XM,Low income,IDX,XI,IDA
MYS,Malaysia,SNA 1993,SNA 1993,SNA 2008,SNA 2008,0.5,0.5,1,1,MY,Kuala Lumpur,101.684,3.12433,EAS,Z4,East Asia & Pacific,EAP,4E,East Asia & Pacific (excluding high income),UMC,XT,Upper middle income,IBD,XF,IBRD
MDV,Maldives,SNA 1993,SNA 1993,SNA 1993,SNA 1993,0.5,0.5,0.5,0.5,MV,Male,73.5109,4.1742,SAS,8S,South Asia,SAS,8S,South Asia,UMC,XT,Upper middle income,IDX,XI,IDA
MLI,Mali,SNA 1968,SNA 1968,SNA 1993,SNA 1993,0,0,0.5,0.5,ML,Bamako,-7.50034,13.5667,SSF,ZG,Sub-Saharan Africa ,SSA,ZF,Sub-Saharan Africa (excluding high income),LIC,XM,Low income,IDX,XI,IDA
MLT,Malta,SNA 1993,SNA 1993,SNA 2008,NA,0.5,0.5,1,NA,MT,Valletta,14.5189,35.9042,MEA,ZQ,Middle East & North Africa,NA,NA,NA,HIC,XD,High income,LNX,XX,Not classified
MHL,Marshall Islands,SNA 1968,SNA 1968,SNA 1993,SNA 1993,0,0,0.5,0.5,MH,Majuro,171.135,7.11046,EAS,Z4,East Asia & Pacific,EAP,4E,East Asia & Pacific (excluding high income),UMC,XT,Upper middle income,IDX,XI,IDA
MRT,Mauritania,SNA 1993,SNA 1993,SNA 1993,SNA 1993,0.5,0.5,0.5,0.5,MR,Nouakchott,-15.9824,18.2367,SSF,ZG,Sub-Saharan Africa ,SSA,ZF,Sub-Saharan Africa (excluding high income),LMC,XN,Lower middle income,IDX,XI,IDA
MUS,Mauritius,SNA 1993,SNA 1993,SNA 2008,SNA 2008,0.5,0.5,1,1,MU,Port Louis,57.4977,-20.1605,SSF,ZG,Sub-Saharan Africa ,SSA,ZF,Sub-Saharan Africa (excluding high income),UMC,XT,Upper middle income,IBD,XF,IBRD
MEX,Mexico,SNA 2008,SNA 2008,SNA 2008,SNA 2008,1,1,1,1,MX,Mexico City,-99.1276,19.427,LCN,ZJ,Latin America & Caribbean ,LAC,XJ,Latin America & Caribbean (excluding high income),UMC,XT,Upper middle income,IBD,XF,IBRD
FSM,"Micronesia, Fed. Sts.",SNA 1993,SNA 1993,SNA 1993,SNA 1993,0.5,0.5,0.5,0.5,FM,Palikir,158.185,6.91771,EAS,Z4,East Asia & Pacific,EAP,4E,East Asia & Pacific (excluding high income),LMC,XN,Lower middle income,IDX,XI,IDA
MDA,Moldova,SNA 1993,SNA 1993,SNA 1993,SNA 2008,0.5,0.5,0.5,1,MD,Chisinau,28.8497,47.0167,ECS,Z7,Europe & Central Asia,ECA,7E,Europe & Central Asia (excluding high income),LMC,XN,Lower middle income,IDB,XH,Blend
MNG,Mongolia,SNA 1993,SNA 1993,SNA 2008,SNA 2008,0.5,0.5,1,1,MN,Ulaanbaatar,106.937,47.9129,EAS,Z4,East Asia & Pacific,EAP,4E,East Asia & Pacific (excluding high income),LMC,XN,Lower middle income,IDB,XH,Blend
MNE,Montenegro,SNA 1993,SNA 1993,SNA 2008,SNA 2008,0.5,0.5,1,1,ME,Podgorica,19.2595,42.4602,ECS,Z7,Europe & Central Asia,ECA,7E,Europe & Central Asia (excluding high income),UMC,XT,Upper middle income,IBD,XF,IBRD
MAR,Morocco,SNA 1993,SNA 1993,SNA 2008,SNA 2008,0.5,0.5,1,1,MA,Rabat,-6.8704,33.9905,MEA,ZQ,Middle East & North Africa,MNA,XQ,Middle East & North Africa (excluding high income),LMC,XN,Lower middle income,IBD,XF,IBRD
MOZ,Mozambique,SNA 1993,SNA 1993,SNA 1993,SNA 1993,0.5,0.5,0.5,0.5,MZ,Maputo,32.5713,-25.9664,SSF,ZG,Sub-Saharan Africa ,SSA,ZF,Sub-Saharan Africa (excluding high income),LIC,XM,Low income,IDX,XI,IDA
MMR,Myanmar,SNA 1968,SNA 1968,SNA 1968,SNA 1968,0,0,0,0,MM,Naypyidaw,95.9562,21.914,EAS,Z4,East Asia & Pacific,EAP,4E,East Asia & Pacific (excluding high income),LMC,XN,Lower middle income,IDX,XI,IDA
NAM,Namibia,SNA 1993,SNA 1993,SNA 1993,SNA 1993,0.5,0.5,0.5,0.5,"NA",Windhoek,17.0931,-22.5648,SSF,ZG,Sub-Saharan Africa ,SSA,ZF,Sub-Saharan Africa (excluding high income),UMC,XT,Upper middle income,IBD,XF,IBRD
NRU,Nauru,SNA 0,SNA 1993,SNA 1993,SNA 1993,0,0.5,0.5,0.5,NR,Yaren District,166.920867,-0.5477,EAS,Z4,East Asia & Pacific,EAP,4E,East Asia & Pacific (excluding high income),UMC,XT,Upper middle income,IBD,XF,IBRD
NPL,Nepal,SNA 1993,SNA 1993,SNA 1993,SNA 1993,0.5,0.5,0.5,0.5,NP,Kathmandu,85.3157,27.6939,SAS,8S,South Asia,SAS,8S,South Asia,LIC,XM,Low income,IDX,XI,IDA
NLD,Netherlands,SNA 2008,SNA 2008,SNA 2008,NA,1,1,1,NA,NL,Amsterdam,4.89095,52.3738,ECS,Z7,Europe & Central Asia,NA,NA,NA,HIC,XD,High income,LNX,XX,Not classified
NZL,New Zealand,SNA 2008,SNA 2008,SNA 2008,NA,1,1,1,NA,NZ,Wellington,174.776,-41.2865,EAS,Z4,East Asia & Pacific,NA,NA,NA,HIC,XD,High income,LNX,XX,Not classified
NIC,Nicaragua,SNA 1993,SNA 1993,SNA 1993,SNA 2008,0.5,0.5,0.5,1,NI,Managua,-86.2734,12.1475,LCN,ZJ,Latin America & Caribbean ,LAC,XJ,Latin America & Caribbean (excluding high income),LMC,XN,Lower middle income,IDX,XI,IDA
NER,Niger,SNA 1993,SNA 1993,SNA 1993,SNA 1993,0.5,0.5,0.5,0.5,NE,Niamey,2.1073,13.514,SSF,ZG,Sub-Saharan Africa ,SSA,ZF,Sub-Saharan Africa (excluding high income),LIC,XM,Low income,IDX,XI,IDA
NGA,Nigeria,SNA 2008,SNA 2008,SNA 2008,SNA 2008,1,1,1,1,NG,Abuja,7.48906,9.05804,SSF,ZG,Sub-Saharan Africa ,SSA,ZF,Sub-Saharan Africa (excluding high income),LMC,XN,Lower middle income,IDB,XH,Blend
MKD,North Macedonia,SNA 1993,SNA 1993,SNA 1993,SNA 1993,0.5,0.5,0.5,0.5,MK,Skopje,21.4361,42.0024,ECS,Z7,Europe & Central Asia,ECA,7E,Europe & Central Asia (excluding high income),UMC,XT,Upper middle income,IBD,XF,IBRD
NOR,Norway,SNA 2008,SNA 2008,SNA 2008,NA,1,1,1,NA,NO,Oslo,10.7387,59.9138,ECS,Z7,Europe & Central Asia,NA,NA,NA,HIC,XD,High income,LNX,XX,Not classified
OMN,Oman,SNA 1993,SNA 2008,SNA 1993,NA,0.5,1,0.5,NA,OM,Muscat,58.5874,23.6105,MEA,ZQ,Middle East & North Africa,NA,NA,NA,HIC,XD,High income,LNX,XX,Not classified
PAK,Pakistan,SNA 1993,SNA 1993,SNA 2008,SNA 2008,0.5,0.5,1,1,PK,Islamabad,72.8,30.5167,SAS,8S,South Asia,SAS,8S,South Asia,LMC,XN,Lower middle income,IDB,XH,Blend
PLW,Palau,SNA 1993,SNA 1993,SNA 1993,SNA 1993,0.5,0.5,0.5,0.5,PW,Koror,134.479,7.34194,EAS,Z4,East Asia & Pacific,NA,NA,NA,HIC,XD,High income,IBD,XF,IBRD
PAN,Panama,SNA 1993,SNA 1993,SNA 1993,SNA 1993,0.5,0.5,0.5,0.5,PA,Panama City,-79.5188,8.99427,LCN,ZJ,Latin America & Caribbean ,NA,NA,NA,HIC,XD,High income,IBD,XF,IBRD
PNG,Papua New Guinea,SNA 1993,SNA 1993,SNA 1993,SNA 1993,0.5,0.5,0.5,0.5,PG,Port Moresby,147.194,-9.47357,EAS,Z4,East Asia & Pacific,EAP,4E,East Asia & Pacific (excluding high income),LMC,XN,Lower middle income,IDB,XH,Blend
PRY,Paraguay,SNA 1993,SNA 1993,SNA 1993,SNA 2008,0.5,0.5,0.5,1,PY,Asuncion,-57.6362,-25.3005,LCN,ZJ,Latin America & Caribbean ,LAC,XJ,Latin America & Caribbean (excluding high income),UMC,XT,Upper middle income,IBD,XF,IBRD
PER,Peru,SNA 1993,SNA 1993,SNA 2008,SNA 2008,0.5,0.5,1,1,PE,Lima,-77.0465,-12.0931,LCN,ZJ,Latin America & Caribbean ,LAC,XJ,Latin America & Caribbean (excluding high income),UMC,XT,Upper middle income,IBD,XF,IBRD
PHL,Philippines,SNA 1993,SNA 1993,SNA 2008,SNA 2008,0.5,0.5,1,1,PH,Manila,121.035,14.5515,EAS,Z4,East Asia & Pacific,EAP,4E,East Asia & Pacific (excluding high income),LMC,XN,Lower middle income,IBD,XF,IBRD
POL,Poland,SNA 2008,SNA 2008,SNA 2008,SNA 2008,1,1,1,1,PL,Warsaw,21.02,52.26,ECS,Z7,Europe & Central Asia,NA,NA,NA,HIC,XD,High income,IBD,XF,IBRD
PRT,Portugal,SNA 2008,SNA 2008,SNA 2008,NA,1,1,1,NA,PT,Lisbon,-9.13552,38.7072,ECS,Z7,Europe & Central Asia,NA,NA,NA,HIC,XD,High income,LNX,XX,Not classified
QAT,Qatar,SNA 1993,SNA 1993,SNA 1993,NA,0.5,0.5,0.5,NA,QA,Doha,51.5082,25.2948,MEA,ZQ,Middle East & North Africa,NA,NA,NA,HIC,XD,High income,LNX,XX,Not classified
ROU,Romania,SNA 1993,SNA 1993,SNA 2008,SNA 2008,0.5,0.5,1,1,RO,Bucharest,26.0979,44.4479,ECS,Z7,Europe & Central Asia,ECA,7E,Europe & Central Asia (excluding high income),UMC,XT,Upper middle income,IBD,XF,IBRD
RUS,Russian Federation,SNA 1993,SNA 1993,SNA 1993,SNA 2008,0.5,0.5,0.5,1,RU,Moscow,37.6176,55.7558,ECS,Z7,Europe & Central Asia,ECA,7E,Europe & Central Asia (excluding high income),UMC,XT,Upper middle income,IBD,XF,IBRD
RWA,Rwanda,SNA 2008,SNA 2008,SNA 1993,SNA 1993,1,1,0.5,0.5,RW,Kigali,30.0587,-1.95325,SSF,ZG,Sub-Saharan Africa ,SSA,ZF,Sub-Saharan Africa (excluding high income),LIC,XM,Low income,IDX,XI,IDA
WSM,Samoa,SNA 1993,SNA 1993,SNA 1993,SNA 1993,0.5,0.5,0.5,0.5,WS,Apia,-171.752,-13.8314,EAS,Z4,East Asia & Pacific,EAP,4E,East Asia & Pacific (excluding high income),UMC,XT,Upper middle income,IDX,XI,IDA
SMR,San Marino,SNA 1993,SNA 1993,SNA 1993,NA,0.5,0.5,0.5,NA,SM,San Marino,12.4486,43.9322,ECS,Z7,Europe & Central Asia,NA,NA,NA,HIC,XD,High income,LNX,XX,Not classified
STP,Sao Tome and Principe,SNA 1993,SNA 1993,SNA 1993,SNA 1993,0.5,0.5,0.5,0.5,ST,Sao Tome,6.6071,0.20618,SSF,ZG,Sub-Saharan Africa ,SSA,ZF,Sub-Saharan Africa (excluding high income),LMC,XN,Lower middle income,IDX,XI,IDA
SAU,Saudi Arabia,SNA 2008,SNA 2008,SNA 2008,NA,1,1,1,NA,SA,Riyadh,46.6977,24.6748,MEA,ZQ,Middle East & North Africa,NA,NA,NA,HIC,XD,High income,LNX,XX,Not classified
SEN,Senegal,SNA 1993,SNA 1993,SNA 1993,SNA 2008,0.5,0.5,0.5,1,SN,Dakar,-17.4734,14.7247,SSF,ZG,Sub-Saharan Africa ,SSA,ZF,Sub-Saharan Africa (excluding high income),LMC,XN,Lower middle income,IDX,XI,IDA
SRB,Serbia,SNA 1993,SNA 1993,SNA 2008,SNA 2008,0.5,0.5,1,1,RS,Belgrade,20.4656,44.8024,ECS,Z7,Europe & Central Asia,ECA,7E,Europe & Central Asia (excluding high income),UMC,XT,Upper middle income,IBD,XF,IBRD
SYC,Seychelles,SNA 1993,SNA 1993,SNA 1993,SNA 1993,0.5,0.5,0.5,0.5,SC,Victoria,55.4466,-4.6309,SSF,ZG,Sub-Saharan Africa ,NA,NA,NA,HIC,XD,High income,IBD,XF,IBRD
SLE,Sierra Leone,SNA 1993,SNA 1993,SNA 1993,SNA 1993,0.5,0.5,0.5,0.5,SL,Freetown,-13.2134,8.4821,SSF,ZG,Sub-Saharan Africa ,SSA,ZF,Sub-Saharan Africa (excluding high income),LIC,XM,Low income,IDX,XI,IDA
SGP,Singapore,SNA 2008,SNA 2008,SNA 2008,NA,1,1,1,NA,SG,Singapore,103.85,1.28941,EAS,Z4,East Asia & Pacific,NA,NA,NA,HIC,XD,High income,LNX,XX,Not classified
SVK,Slovak Republic,SNA 2008,SNA 2008,SNA 2008,NA,1,1,1,NA,SK,Bratislava,17.1073,48.1484,ECS,Z7,Europe & Central Asia,NA,NA,NA,HIC,XD,High income,LNX,XX,Not classified
SVN,Slovenia,SNA 2008,SNA 2008,SNA 2008,NA,1,1,1,NA,SI,Ljubljana,14.5044,46.0546,ECS,Z7,Europe & Central Asia,NA,NA,NA,HIC,XD,High income,LNX,XX,Not classified
SLB,Solomon Islands,SNA 1993,SNA 1993,SNA 1993,SNA 1993,0.5,0.5,0.5,0.5,SB,Honiara,159.949,-9.42676,EAS,Z4,East Asia & Pacific,EAP,4E,East Asia & Pacific (excluding high income),LMC,XN,Lower middle income,IDX,XI,IDA
SOM,Somalia,SNA 1968,SNA 1968,SNA 1968,SNA 1968,0,0,0,0,SO,Mogadishu,45.3254,2.07515,SSF,ZG,Sub-Saharan Africa ,SSA,ZF,Sub-Saharan Africa (excluding high income),LIC,XM,Low income,IDX,XI,IDA
ZAF,South Africa,SNA 2008,SNA 2008,SNA 2008,SNA 2008,1,1,1,1,ZA,Pretoria,28.1871,-25.746,SSF,ZG,Sub-Saharan Africa ,SSA,ZF,Sub-Saharan Africa (excluding high income),UMC,XT,Upper middle income,IBD,XF,IBRD
SSD,South Sudan,SNA 1993,SNA 1993,SNA 2008,SNA 2008,0.5,0.5,1,1,SS,Juba,31.6,4.85,SSF,ZG,Sub-Saharan Africa ,SSA,ZF,Sub-Saharan Africa (excluding high income),LIC,XM,Low income,IDX,XI,IDA
ESP,Spain,SNA 2008,SNA 2008,SNA 2008,NA,1,1,1,NA,ES,Madrid,-3.70327,40.4167,ECS,Z7,Europe & Central Asia,NA,NA,NA,HIC,XD,High income,LNX,XX,Not classified
LKA,Sri Lanka,SNA 1993,SNA 1993,SNA 2008,SNA 2008,0.5,0.5,1,1,LK,Colombo,79.8528,6.92148,SAS,8S,South Asia,SAS,8S,South Asia,UMC,XT,Upper middle income,IBD,XF,IBRD
KNA,St. Kitts and Nevis,SNA 1993,SNA 1993,SNA 1993,SNA 2008,0.5,0.5,0.5,1,KN,Basseterre,-62.7309,17.3,LCN,ZJ,Latin America & Caribbean ,NA,NA,NA,HIC,XD,High income,IBD,XF,IBRD
LCA,St. Lucia,SNA 1968,SNA 1968,SNA 1993,SNA 2008,0,0,0.5,1,LC,Castries,-60.9832,14,LCN,ZJ,Latin America & Caribbean ,LAC,XJ,Latin America & Caribbean (excluding high income),UMC,XT,Upper middle income,IDB,XH,Blend
VCT,St. Vincent and the Grenadines,SNA 1993,SNA 1993,SNA 1993,SNA 2008,0.5,0.5,0.5,1,VC,Kingstown,-61.2653,13.2035,LCN,ZJ,Latin America & Caribbean ,LAC,XJ,Latin America & Caribbean (excluding high income),UMC,XT,Upper middle income,IDB,XH,Blend
SDN,Sudan,SNA 1968,SNA 1968,SNA 1968,SNA 1968,0,0,0,0,SD,Khartoum,32.5363,15.5932,SSF,ZG,Sub-Saharan Africa ,SSA,ZF,Sub-Saharan Africa (excluding high income),LMC,XN,Lower middle income,IDX,XI,IDA
SUR,Suriname,SNA 1993,SNA 1993,SNA 1993,SNA 1993,0.5,0.5,0.5,0.5,SR,Paramaribo,-55.1679,5.8232,LCN,ZJ,Latin America & Caribbean ,LAC,XJ,Latin America & Caribbean (excluding high income),UMC,XT,Upper middle income,IBD,XF,IBRD
SWE,Sweden,SNA 2008,SNA 2008,SNA 2008,NA,1,1,1,NA,SE,Stockholm,18.0645,59.3327,ECS,Z7,Europe & Central Asia,NA,NA,NA,HIC,XD,High income,LNX,XX,Not classified
CHE,Switzerland,SNA 2008,SNA 2008,SNA 2008,NA,1,1,1,NA,CH,Bern,7.44821,46.948,ECS,Z7,Europe & Central Asia,NA,NA,NA,HIC,XD,High income,LNX,XX,Not classified
SYR,Syrian Arab Republic,SNA 1968,SNA 1968,SNA 1968,SNA 1968,0,0,0,0,SY,Damascus,36.3119,33.5146,MEA,ZQ,Middle East & North Africa,MNA,XQ,Middle East & North Africa (excluding high income),LIC,XM,Low income,IDX,XI,IDA
TJK,Tajikistan,SNA 1993,SNA 1993,SNA 1993,SNA 1993,0.5,0.5,0.5,0.5,TJ,Dushanbe,68.7864,38.5878,ECS,Z7,Europe & Central Asia,ECA,7E,Europe & Central Asia (excluding high income),LIC,XM,Low income,IDX,XI,IDA
TZA,Tanzania,SNA 2008,SNA 2008,SNA 1993,SNA 1993,1,1,0.5,0.5,TZ,Dodoma,35.7382,-6.17486,SSF,ZG,Sub-Saharan Africa ,SSA,ZF,Sub-Saharan Africa (excluding high income),LIC,XM,Low income,IDX,XI,IDA
THA,Thailand,SNA 1993,SNA 1993,SNA 2008,SNA 2008,0.5,0.5,1,1,TH,Bangkok,100.521,13.7308,EAS,Z4,East Asia & Pacific,EAP,4E,East Asia & Pacific (excluding high income),UMC,XT,Upper middle income,IBD,XF,IBRD
TLS,Timor-Leste,SNA 2008,SNA 2008,SNA 2008,SNA 2008,1,1,1,1,TL,Dili,125.567,-8.56667,EAS,Z4,East Asia & Pacific,EAP,4E,East Asia & Pacific (excluding high income),LMC,XN,Lower middle income,IDB,XH,Blend
TGO,Togo,SNA 1968,SNA 1968,SNA 1993,SNA 2008,0,0,0.5,1,TG,Lome,1.2255,6.1228,SSF,ZG,Sub-Saharan Africa ,SSA,ZF,Sub-Saharan Africa (excluding high income),LIC,XM,Low income,IDX,XI,IDA
TON,Tonga,SNA 1993,SNA 1993,SNA 1993,SNA 1993,0.5,0.5,0.5,0.5,TO,Nuku'alofa,-175.216,-21.136,EAS,Z4,East Asia & Pacific,EAP,4E,East Asia & Pacific (excluding high income),UMC,XT,Upper middle income,IDX,XI,IDA
TTO,Trinidad and Tobago,SNA 1993,SNA 1993,SNA 1993,SNA 2008,0.5,0.5,0.5,1,TT,Port-of-Spain,-61.4789,10.6596,LCN,ZJ,Latin America & Caribbean ,NA,NA,NA,HIC,XD,High income,IBD,XF,IBRD
TUN,Tunisia,SNA 1993,SNA 1993,SNA 1993,SNA 1993,0.5,0.5,0.5,0.5,TN,Tunis,10.21,36.7899,MEA,ZQ,Middle East & North Africa,MNA,XQ,Middle East & North Africa (excluding high income),LMC,XN,Lower middle income,IBD,XF,IBRD
TUR,Turkey,SNA 1993,SNA 1993,SNA 2008,SNA 2008,0.5,0.5,1,1,TR,Ankara,32.3606,39.7153,ECS,Z7,Europe & Central Asia,ECA,7E,Europe & Central Asia (excluding high income),UMC,XT,Upper middle income,IBD,XF,IBRD
TKM,Turkmenistan,SNA 1993,SNA 1993,SNA 1993,SNA 1993,0.5,0.5,0.5,0.5,TM,Ashgabat,58.3794,37.9509,ECS,Z7,Europe & Central Asia,ECA,7E,Europe & Central Asia (excluding high income),UMC,XT,Upper middle income,IBD,XF,IBRD
TUV,Tuvalu,SNA 1968,SNA 1968,SNA 1968,SNA 1968,0,0,0,0,TV,Funafuti,179.089567,-8.6314877,EAS,Z4,East Asia & Pacific,EAP,4E,East Asia & Pacific (excluding high income),UMC,XT,Upper middle income,IDX,XI,IDA
UGA,Uganda,SNA 2008,SNA 2008,SNA 2008,SNA 2008,1,1,1,1,UG,Kampala,32.5729,0.314269,SSF,ZG,Sub-Saharan Africa ,SSA,ZF,Sub-Saharan Africa (excluding high income),LIC,XM,Low income,IDX,XI,IDA
UKR,Ukraine,SNA 1993,SNA 1993,SNA 2008,SNA 2008,0.5,0.5,1,1,UA,Kiev,30.5038,50.4536,ECS,Z7,Europe & Central Asia,ECA,7E,Europe & Central Asia (excluding high income),LMC,XN,Lower middle income,IBD,XF,IBRD
ARE,United Arab Emirates,SNA 1993,SNA 1993,SNA 1993,NA,0.5,0.5,0.5,NA,AE,Abu Dhabi,54.3705,24.4764,MEA,ZQ,Middle East & North Africa,NA,NA,NA,HIC,XD,High income,LNX,XX,Not classified
GBR,United Kingdom,SNA 2008,SNA 2008,SNA 2008,NA,1,1,1,NA,GB,London,-0.126236,51.5002,ECS,Z7,Europe & Central Asia,NA,NA,NA,HIC,XD,High income,LNX,XX,Not classified
USA,United States,SNA 2008,SNA 2008,SNA 2008,NA,1,1,1,NA,US,Washington D.C.,-77.032,38.8895,NAC,XU,North America,NA,NA,NA,HIC,XD,High income,LNX,XX,Not classified
URY,Uruguay,SNA 1993,SNA 1993,SNA 1993,SNA 1993,0.5,0.5,0.5,0.5,UY,Montevideo,-56.0675,-34.8941,LCN,ZJ,Latin America & Caribbean ,NA,NA,NA,HIC,XD,High income,IBD,XF,IBRD
UZB,Uzbekistan,SNA 1993,SNA 1993,SNA 1993,SNA 1993,0.5,0.5,0.5,0.5,UZ,Tashkent,69.269,41.3052,ECS,Z7,Europe & Central Asia,ECA,7E,Europe & Central Asia (excluding high income),LMC,XN,Lower middle income,IDB,XH,Blend
VUT,Vanuatu,SNA 1993,SNA 1993,SNA 1993,SNA 1993,0.5,0.5,0.5,0.5,VU,Port-Vila,168.321,-17.7404,EAS,Z4,East Asia & Pacific,EAP,4E,East Asia & Pacific (excluding high income),LMC,XN,Lower middle income,IDX,XI,IDA
VEN,"Venezuela, RB",SNA 1993,SNA 1993,SNA 1993,SNA 1993,0.5,0.5,0.5,0.5,VE,Caracas,-69.8371,9.08165,LCN,ZJ,Latin America & Caribbean ,LAC,XJ,Latin America & Caribbean (excluding high income),UMC,XT,Upper middle income,IBD,XF,IBRD
VNM,Vietnam,SNA 1993,SNA 1993,SNA 1993,SNA 1993,0.5,0.5,0.5,0.5,VN,Hanoi,105.825,21.0069,EAS,Z4,East Asia & Pacific,EAP,4E,East Asia & Pacific (excluding high income),LMC,XN,Lower middle income,IBD,XF,IBRD
PSE,West Bank and Gaza,SNA 1968,SNA 1968,SNA 1968,SNA 1968,0,0,0,0,PS,NA,NA,NA,MEA,ZQ,Middle East & North Africa,MNA,XQ,Middle East & North Africa (excluding high income),LMC,XN,Lower middle income,LNX,XX,Not classified
YEM,"Yemen, Rep.",SNA 1993,SNA 1993,SNA 1993,SNA 1993,0.5,0.5,0.5,0.5,YE,Sana'a,44.2075,15.352,MEA,ZQ,Middle East & North Africa,MNA,XQ,Middle East & North Africa (excluding high income),LIC,XM,Low income,IDX,XI,IDA
ZMB,Zambia,SNA 2008,SNA 2008,SNA 2008,SNA 2008,1,1,1,1,ZM,Lusaka,28.2937,-15.3982,SSF,ZG,Sub-Saharan Africa ,SSA,ZF,Sub-Saharan Africa (excluding high income),LMC,XN,Lower middle income,IDX,XI,IDA
ZWE,Zimbabwe,SNA 1993,SNA 1993,SNA 1993,SNA 1993,0.5,0.5,0.5,0.5,ZW,Harare,31.0672,-17.8312,SSF,ZG,Sub-Saharan Africa ,SSA,ZF,Sub-Saharan Africa (excluding high income),LMC,XN,Lower middle income,IDB,XH,Blend
