iso3c,country,CRVS_2016,CRVS_2017,CRVS_2018,CRVS_2019,SPI.D1.11.CRVS_2016,SPI.D1.11.CRVS_2017,SPI.D1.11.CRVS_2018,SPI.D1.11.CRVS_2019,iso2c,capital,long,lat,regionID,region_iso2c,region,adminID,admin_iso2c,admin,incomeID,income_iso2c,income,lendingID,lending_iso2c,lending
AFG,Afghanistan,0,0,0,0,0,0,0,0,AF,Kabul,69.1761,34.5228,SAS,8S,South Asia,SAS,8S,South Asia,LIC,XM,Low income,IDX,XI,IDA
ALB,Albania,Yes,Yes,Yes,Yes,1,1,1,1,AL,Tirane,19.8172,41.3317,ECS,Z7,Europe & Central Asia,ECA,7E,Europe & Central Asia (excluding high income),UMC,XT,Upper middle income,IBD,XF,IBRD
DZA,Algeria,0,0,0,0,0,0,0,0,DZ,Algiers,3.05097,36.7397,MEA,ZQ,Middle East & North Africa,MNA,XQ,Middle East & North Africa (excluding high income),UMC,XT,Upper middle income,IBD,XF,IBRD
AGO,Angola,0,0,0,0,0,0,0,0,AO,Luanda,13.242,-8.81155,SSF,ZG,Sub-Saharan Africa ,SSA,ZF,Sub-Saharan Africa (excluding high income),LMC,XN,Lower middle income,IBD,XF,IBRD
ATG,Antigua and Barbuda,Yes,Yes,Yes,Yes,1,1,1,1,AG,Saint John's,-61.8456,17.1175,LCN,ZJ,Latin America & Caribbean ,NA,NA,NA,HIC,XD,High income,IBD,XF,IBRD
ARG,Argentina,Yes,Yes,Yes,Yes,1,1,1,1,AR,Buenos Aires,-58.4173,-34.6118,LCN,ZJ,Latin America & Caribbean ,LAC,XJ,Latin America & Caribbean (excluding high income),UMC,XT,Upper middle income,IBD,XF,IBRD
ARM,Armenia,Yes,Yes,Yes,Yes,1,1,1,1,AM,Yerevan,44.509,40.1596,ECS,Z7,Europe & Central Asia,ECA,7E,Europe & Central Asia (excluding high income),UMC,XT,Upper middle income,IBD,XF,IBRD
AUS,Australia,Yes,Yes,Yes,NA,1,1,1,NA,AU,Canberra,149.129,-35.282,EAS,Z4,East Asia & Pacific,NA,NA,NA,HIC,XD,High income,LNX,XX,Not classified
AUT,Austria,Yes,Yes,Yes,NA,1,1,1,NA,AT,Vienna,16.3798,48.2201,ECS,Z7,Europe & Central Asia,NA,NA,NA,HIC,XD,High income,LNX,XX,Not classified
AZE,Azerbaijan,Yes,Yes,Yes,Yes,1,1,1,1,AZ,Baku,49.8932,40.3834,ECS,Z7,Europe & Central Asia,ECA,7E,Europe & Central Asia (excluding high income),UMC,XT,Upper middle income,IBD,XF,IBRD
BHS,"Bahamas, The",0,0,0,NA,0,0,0,NA,BS,Nassau,-77.339,25.0661,LCN,ZJ,Latin America & Caribbean ,NA,NA,NA,HIC,XD,High income,LNX,XX,Not classified
BHR,Bahrain,Yes,Yes,Yes,NA,1,1,1,NA,BH,Manama,50.5354,26.1921,MEA,ZQ,Middle East & North Africa,NA,NA,NA,HIC,XD,High income,LNX,XX,Not classified
BGD,Bangladesh,0,0,0,0,0,0,0,0,BD,Dhaka,90.4113,23.7055,SAS,8S,South Asia,SAS,8S,South Asia,LMC,XN,Lower middle income,IDX,XI,IDA
BRB,Barbados,Yes,Yes,Yes,NA,1,1,1,NA,BB,Bridgetown,-59.6105,13.0935,LCN,ZJ,Latin America & Caribbean ,NA,NA,NA,HIC,XD,High income,LNX,XX,Not classified
BLR,Belarus,Yes,Yes,Yes,Yes,1,1,1,1,BY,Minsk,27.5766,53.9678,ECS,Z7,Europe & Central Asia,ECA,7E,Europe & Central Asia (excluding high income),UMC,XT,Upper middle income,IBD,XF,IBRD
BEL,Belgium,Yes,Yes,Yes,NA,1,1,1,NA,BE,Brussels,4.36761,50.8371,ECS,Z7,Europe & Central Asia,NA,NA,NA,HIC,XD,High income,LNX,XX,Not classified
BLZ,Belize,0,0,0,0,0,0,0,0,BZ,Belmopan,-88.7713,17.2534,LCN,ZJ,Latin America & Caribbean ,LAC,XJ,Latin America & Caribbean (excluding high income),UMC,XT,Upper middle income,IBD,XF,IBRD
BEN,Benin,0,0,0,0,0,0,0,0,BJ,Porto-Novo,2.6323,6.4779,SSF,ZG,Sub-Saharan Africa ,SSA,ZF,Sub-Saharan Africa (excluding high income),LIC,XM,Low income,IDX,XI,IDA
BTN,Bhutan,0,0,0,0,0,0,0,0,BT,Thimphu,89.6177,27.5768,SAS,8S,South Asia,SAS,8S,South Asia,LMC,XN,Lower middle income,IDX,XI,IDA
BOL,Bolivia,0,0,0,0,0,0,0,0,BO,La Paz,-66.1936,-13.9908,LCN,ZJ,Latin America & Caribbean ,LAC,XJ,Latin America & Caribbean (excluding high income),LMC,XN,Lower middle income,IBD,XF,IBRD
BIH,Bosnia and Herzegovina,Yes,Yes,Yes,Yes,1,1,1,1,BA,Sarajevo,18.4214,43.8607,ECS,Z7,Europe & Central Asia,ECA,7E,Europe & Central Asia (excluding high income),UMC,XT,Upper middle income,IBD,XF,IBRD
BWA,Botswana,0,0,0,0,0,0,0,0,BW,Gaborone,25.9201,-24.6544,SSF,ZG,Sub-Saharan Africa ,SSA,ZF,Sub-Saharan Africa (excluding high income),UMC,XT,Upper middle income,IBD,XF,IBRD
BRA,Brazil,0,0,Yes,Yes,0,0,1,1,BR,Brasilia,-47.9292,-15.7801,LCN,ZJ,Latin America & Caribbean ,LAC,XJ,Latin America & Caribbean (excluding high income),UMC,XT,Upper middle income,IBD,XF,IBRD
BRN,Brunei Darussalam,Yes,Yes,Yes,NA,1,1,1,NA,BN,Bandar Seri Begawan,114.946,4.94199,EAS,Z4,East Asia & Pacific,NA,NA,NA,HIC,XD,High income,LNX,XX,Not classified
BGR,Bulgaria,Yes,Yes,Yes,Yes,1,1,1,1,BG,Sofia,23.3238,42.7105,ECS,Z7,Europe & Central Asia,ECA,7E,Europe & Central Asia (excluding high income),UMC,XT,Upper middle income,IBD,XF,IBRD
BFA,Burkina Faso,0,0,0,0,0,0,0,0,BF,Ouagadougou,-1.53395,12.3605,SSF,ZG,Sub-Saharan Africa ,SSA,ZF,Sub-Saharan Africa (excluding high income),LIC,XM,Low income,IDX,XI,IDA
BDI,Burundi,0,0,Yes,Yes,0,0,1,1,BI,Bujumbura,29.3639,-3.3784,SSF,ZG,Sub-Saharan Africa ,SSA,ZF,Sub-Saharan Africa (excluding high income),LIC,XM,Low income,IDX,XI,IDA
CPV,Cabo Verde,Yes,Yes,Yes,Yes,1,1,1,1,CV,Praia,-23.5087,14.9218,SSF,ZG,Sub-Saharan Africa ,SSA,ZF,Sub-Saharan Africa (excluding high income),LMC,XN,Lower middle income,IDB,XH,Blend
KHM,Cambodia,0,0,0,0,0,0,0,0,KH,Phnom Penh,104.874,11.5556,EAS,Z4,East Asia & Pacific,EAP,4E,East Asia & Pacific (excluding high income),LMC,XN,Lower middle income,IDX,XI,IDA
CMR,Cameroon,0,0,0,0,0,0,0,0,CM,Yaounde,11.5174,3.8721,SSF,ZG,Sub-Saharan Africa ,SSA,ZF,Sub-Saharan Africa (excluding high income),LMC,XN,Lower middle income,IDB,XH,Blend
CAN,Canada,Yes,Yes,Yes,NA,1,1,1,NA,CA,Ottawa,-75.6919,45.4215,NAC,XU,North America,NA,NA,NA,HIC,XD,High income,LNX,XX,Not classified
CAF,Central African Republic,0,0,0,0,0,0,0,0,CF,Bangui,21.6407,5.63056,SSF,ZG,Sub-Saharan Africa ,SSA,ZF,Sub-Saharan Africa (excluding high income),LIC,XM,Low income,IDX,XI,IDA
TCD,Chad,0,0,0,0,0,0,0,0,TD,N'Djamena,15.0445,12.1048,SSF,ZG,Sub-Saharan Africa ,SSA,ZF,Sub-Saharan Africa (excluding high income),LIC,XM,Low income,IDX,XI,IDA
CHL,Chile,Yes,Yes,Yes,Yes,1,1,1,1,CL,Santiago,-70.6475,-33.475,LCN,ZJ,Latin America & Caribbean ,NA,NA,NA,HIC,XD,High income,IBD,XF,IBRD
CHN,China,0,0,0,0,0,0,0,0,CN,Beijing,116.286,40.0495,EAS,Z4,East Asia & Pacific,EAP,4E,East Asia & Pacific (excluding high income),UMC,XT,Upper middle income,IBD,XF,IBRD
COL,Colombia,0,0,0,0,0,0,0,0,CO,Bogota,-74.082,4.60987,LCN,ZJ,Latin America & Caribbean ,LAC,XJ,Latin America & Caribbean (excluding high income),UMC,XT,Upper middle income,IBD,XF,IBRD
COM,Comoros,0,0,0,0,0,0,0,0,KM,Moroni,43.2418,-11.6986,SSF,ZG,Sub-Saharan Africa ,SSA,ZF,Sub-Saharan Africa (excluding high income),LMC,XN,Lower middle income,IDX,XI,IDA
COD,"Congo, Dem. Rep.",0,0,0,0,0,0,0,0,CD,Kinshasa,15.3222,-4.325,SSF,ZG,Sub-Saharan Africa ,SSA,ZF,Sub-Saharan Africa (excluding high income),LIC,XM,Low income,IDX,XI,IDA
COG,"Congo, Rep.",0,0,0,0,0,0,0,0,CG,Brazzaville,15.2662,-4.2767,SSF,ZG,Sub-Saharan Africa ,SSA,ZF,Sub-Saharan Africa (excluding high income),LMC,XN,Lower middle income,IDB,XH,Blend
CRI,Costa Rica,Yes,Yes,Yes,Yes,1,1,1,1,CR,San Jose,-84.0089,9.63701,LCN,ZJ,Latin America & Caribbean ,LAC,XJ,Latin America & Caribbean (excluding high income),UMC,XT,Upper middle income,IBD,XF,IBRD
CIV,Cote d'Ivoire,0,0,0,0,0,0,0,0,CI,Yamoussoukro,-4.0305,5.332,SSF,ZG,Sub-Saharan Africa ,SSA,ZF,Sub-Saharan Africa (excluding high income),LMC,XN,Lower middle income,IDX,XI,IDA
HRV,Croatia,Yes,Yes,Yes,Yes,1,1,1,1,HR,Zagreb,15.9614,45.8069,ECS,Z7,Europe & Central Asia,NA,NA,NA,HIC,XD,High income,IBD,XF,IBRD
CYP,Cyprus,Yes,Yes,Yes,NA,1,1,1,NA,CY,Nicosia,33.3736,35.1676,ECS,Z7,Europe & Central Asia,NA,NA,NA,HIC,XD,High income,LNX,XX,Not classified
CZE,Czech Republic,Yes,Yes,Yes,NA,1,1,1,NA,CZ,Prague,14.4205,50.0878,ECS,Z7,Europe & Central Asia,NA,NA,NA,HIC,XD,High income,LNX,XX,Not classified
DNK,Denmark,Yes,Yes,Yes,NA,1,1,1,NA,DK,Copenhagen,12.5681,55.6763,ECS,Z7,Europe & Central Asia,NA,NA,NA,HIC,XD,High income,LNX,XX,Not classified
DJI,Djibouti,0,0,0,0,0,0,0,0,DJ,Djibouti,43.1425,11.5806,MEA,ZQ,Middle East & North Africa,MNA,XQ,Middle East & North Africa (excluding high income),LMC,XN,Lower middle income,IDX,XI,IDA
DMA,Dominica,Yes,Yes,Yes,Yes,1,1,1,1,DM,Roseau,-61.39,15.2976,LCN,ZJ,Latin America & Caribbean ,LAC,XJ,Latin America & Caribbean (excluding high income),UMC,XT,Upper middle income,IDB,XH,Blend
DOM,Dominican Republic,0,0,0,0,0,0,0,0,DO,Santo Domingo,-69.8908,18.479,LCN,ZJ,Latin America & Caribbean ,LAC,XJ,Latin America & Caribbean (excluding high income),UMC,XT,Upper middle income,IBD,XF,IBRD
ECU,Ecuador,0,0,0,0,0,0,0,0,EC,Quito,-78.5243,-0.229498,LCN,ZJ,Latin America & Caribbean ,LAC,XJ,Latin America & Caribbean (excluding high income),UMC,XT,Upper middle income,IBD,XF,IBRD
EGY,"Egypt, Arab Rep.",Yes,Yes,Yes,Yes,1,1,1,1,EG,Cairo,31.2461,30.0982,MEA,ZQ,Middle East & North Africa,MNA,XQ,Middle East & North Africa (excluding high income),LMC,XN,Lower middle income,IBD,XF,IBRD
SLV,El Salvador,Yes,Yes,Yes,Yes,1,1,1,1,SV,San Salvador,-89.2073,13.7034,LCN,ZJ,Latin America & Caribbean ,LAC,XJ,Latin America & Caribbean (excluding high income),LMC,XN,Lower middle income,IBD,XF,IBRD
GNQ,Equatorial Guinea,0,0,0,0,0,0,0,0,GQ,Malabo,8.7741,3.7523,SSF,ZG,Sub-Saharan Africa ,SSA,ZF,Sub-Saharan Africa (excluding high income),UMC,XT,Upper middle income,IBD,XF,IBRD
ERI,Eritrea,0,0,0,0,0,0,0,0,ER,Asmara,38.9183,15.3315,SSF,ZG,Sub-Saharan Africa ,SSA,ZF,Sub-Saharan Africa (excluding high income),LIC,XM,Low income,IDX,XI,IDA
EST,Estonia,Yes,Yes,Yes,NA,1,1,1,NA,EE,Tallinn,24.7586,59.4392,ECS,Z7,Europe & Central Asia,NA,NA,NA,HIC,XD,High income,LNX,XX,Not classified
SWZ,Eswatini,0,0,0,0,0,0,0,0,SZ,Mbabane,31.4659,-26.5225,SSF,ZG,Sub-Saharan Africa ,SSA,ZF,Sub-Saharan Africa (excluding high income),LMC,XN,Lower middle income,IBD,XF,IBRD
ETH,Ethiopia,0,0,0,0,0,0,0,0,ET,Addis Ababa,38.7468,9.02274,SSF,ZG,Sub-Saharan Africa ,SSA,ZF,Sub-Saharan Africa (excluding high income),LIC,XM,Low income,IDX,XI,IDA
FJI,Fiji,Yes,Yes,Yes,Yes,1,1,1,1,FJ,Suva,178.399,-18.1149,EAS,Z4,East Asia & Pacific,EAP,4E,East Asia & Pacific (excluding high income),UMC,XT,Upper middle income,IDB,XH,Blend
FIN,Finland,Yes,Yes,Yes,NA,1,1,1,NA,FI,Helsinki,24.9525,60.1608,ECS,Z7,Europe & Central Asia,NA,NA,NA,HIC,XD,High income,LNX,XX,Not classified
FRA,France,Yes,Yes,Yes,NA,1,1,1,NA,FR,Paris,2.35097,48.8566,ECS,Z7,Europe & Central Asia,NA,NA,NA,HIC,XD,High income,LNX,XX,Not classified
GAB,Gabon,0,0,0,0,0,0,0,0,GA,Libreville,9.45162,0.38832,SSF,ZG,Sub-Saharan Africa ,SSA,ZF,Sub-Saharan Africa (excluding high income),UMC,XT,Upper middle income,IBD,XF,IBRD
GMB,"Gambia, The",0,0,0,0,0,0,0,0,GM,Banjul,-16.5885,13.4495,SSF,ZG,Sub-Saharan Africa ,SSA,ZF,Sub-Saharan Africa (excluding high income),LIC,XM,Low income,IDX,XI,IDA
GEO,Georgia,Yes,Yes,Yes,Yes,1,1,1,1,GE,Tbilisi,44.793,41.71,ECS,Z7,Europe & Central Asia,ECA,7E,Europe & Central Asia (excluding high income),UMC,XT,Upper middle income,IBD,XF,IBRD
DEU,Germany,Yes,Yes,Yes,NA,1,1,1,NA,DE,Berlin,13.4115,52.5235,ECS,Z7,Europe & Central Asia,NA,NA,NA,HIC,XD,High income,LNX,XX,Not classified
GHA,Ghana,0,0,0,0,0,0,0,0,GH,Accra,-0.20795,5.57045,SSF,ZG,Sub-Saharan Africa ,SSA,ZF,Sub-Saharan Africa (excluding high income),LMC,XN,Lower middle income,IDX,XI,IDA
GRC,Greece,Yes,Yes,Yes,NA,1,1,1,NA,GR,Athens,23.7166,37.9792,ECS,Z7,Europe & Central Asia,NA,NA,NA,HIC,XD,High income,LNX,XX,Not classified
GRD,Grenada,Yes,Yes,Yes,Yes,1,1,1,1,GD,Saint George's,-61.7449,12.0653,LCN,ZJ,Latin America & Caribbean ,LAC,XJ,Latin America & Caribbean (excluding high income),UMC,XT,Upper middle income,IDB,XH,Blend
GTM,Guatemala,Yes,Yes,Yes,Yes,1,1,1,1,GT,Guatemala City,-90.5328,14.6248,LCN,ZJ,Latin America & Caribbean ,LAC,XJ,Latin America & Caribbean (excluding high income),UMC,XT,Upper middle income,IBD,XF,IBRD
GIN,Guinea,0,0,0,0,0,0,0,0,GN,Conakry,-13.7,9.51667,SSF,ZG,Sub-Saharan Africa ,SSA,ZF,Sub-Saharan Africa (excluding high income),LIC,XM,Low income,IDX,XI,IDA
GNB,Guinea-Bissau,0,0,0,0,0,0,0,0,GW,Bissau,-15.1804,11.8037,SSF,ZG,Sub-Saharan Africa ,SSA,ZF,Sub-Saharan Africa (excluding high income),LIC,XM,Low income,IDX,XI,IDA
GUY,Guyana,0,0,0,0,0,0,0,0,GY,Georgetown,-58.1548,6.80461,LCN,ZJ,Latin America & Caribbean ,LAC,XJ,Latin America & Caribbean (excluding high income),UMC,XT,Upper middle income,IDX,XI,IDA
HTI,Haiti,0,0,0,0,0,0,0,0,HT,Port-au-Prince,-72.3288,18.5392,LCN,ZJ,Latin America & Caribbean ,LAC,XJ,Latin America & Caribbean (excluding high income),LIC,XM,Low income,IDX,XI,IDA
HND,Honduras,0,0,0,0,0,0,0,0,HN,Tegucigalpa,-87.4667,15.1333,LCN,ZJ,Latin America & Caribbean ,LAC,XJ,Latin America & Caribbean (excluding high income),LMC,XN,Lower middle income,IDX,XI,IDA
HUN,Hungary,Yes,Yes,Yes,NA,1,1,1,NA,HU,Budapest,19.0408,47.4984,ECS,Z7,Europe & Central Asia,NA,NA,NA,HIC,XD,High income,LNX,XX,Not classified
ISL,Iceland,Yes,Yes,Yes,NA,1,1,1,NA,IS,Reykjavik,-21.8952,64.1353,ECS,Z7,Europe & Central Asia,NA,NA,NA,HIC,XD,High income,LNX,XX,Not classified
IND,India,0,0,0,0,0,0,0,0,IN,New Delhi,77.225,28.6353,SAS,8S,South Asia,SAS,8S,South Asia,LMC,XN,Lower middle income,IBD,XF,IBRD
IDN,Indonesia,0,0,0,0,0,0,0,0,ID,Jakarta,106.83,-6.19752,EAS,Z4,East Asia & Pacific,EAP,4E,East Asia & Pacific (excluding high income),LMC,XN,Lower middle income,IBD,XF,IBRD
IRN,"Iran, Islamic Rep.",Yes,Yes,Yes,Yes,1,1,1,1,IR,Tehran,51.4447,35.6878,MEA,ZQ,Middle East & North Africa,MNA,XQ,Middle East & North Africa (excluding high income),UMC,XT,Upper middle income,IBD,XF,IBRD
IRQ,Iraq,0,0,0,0,0,0,0,0,IQ,Baghdad,44.394,33.3302,MEA,ZQ,Middle East & North Africa,MNA,XQ,Middle East & North Africa (excluding high income),UMC,XT,Upper middle income,IBD,XF,IBRD
IRL,Ireland,Yes,Yes,Yes,NA,1,1,1,NA,IE,Dublin,-6.26749,53.3441,ECS,Z7,Europe & Central Asia,NA,NA,NA,HIC,XD,High income,LNX,XX,Not classified
ISR,Israel,Yes,Yes,Yes,NA,1,1,1,NA,IL,NA,35.2035,31.7717,MEA,ZQ,Middle East & North Africa,NA,NA,NA,HIC,XD,High income,LNX,XX,Not classified
ITA,Italy,Yes,Yes,Yes,NA,1,1,1,NA,IT,Rome,12.4823,41.8955,ECS,Z7,Europe & Central Asia,NA,NA,NA,HIC,XD,High income,LNX,XX,Not classified
JAM,Jamaica,0,0,0,0,0,0,0,0,JM,Kingston,-76.792,17.9927,LCN,ZJ,Latin America & Caribbean ,LAC,XJ,Latin America & Caribbean (excluding high income),UMC,XT,Upper middle income,IBD,XF,IBRD
JPN,Japan,Yes,Yes,Yes,NA,1,1,1,NA,JP,Tokyo,139.77,35.67,EAS,Z4,East Asia & Pacific,NA,NA,NA,HIC,XD,High income,LNX,XX,Not classified
JOR,Jordan,0,0,0,0,0,0,0,0,JO,Amman,35.9263,31.9497,MEA,ZQ,Middle East & North Africa,MNA,XQ,Middle East & North Africa (excluding high income),UMC,XT,Upper middle income,IBD,XF,IBRD
KAZ,Kazakhstan,Yes,Yes,Yes,0,1,1,1,0,KZ,Astana,71.4382,51.1879,ECS,Z7,Europe & Central Asia,ECA,7E,Europe & Central Asia (excluding high income),UMC,XT,Upper middle income,IBD,XF,IBRD
KEN,Kenya,0,0,0,0,0,0,0,0,KE,Nairobi,36.8126,-1.27975,SSF,ZG,Sub-Saharan Africa ,SSA,ZF,Sub-Saharan Africa (excluding high income),LMC,XN,Lower middle income,IDB,XH,Blend
KIR,Kiribati,0,0,0,0,0,0,0,0,KI,Tarawa,172.979,1.32905,EAS,Z4,East Asia & Pacific,EAP,4E,East Asia & Pacific (excluding high income),LMC,XN,Lower middle income,IDX,XI,IDA
KOR,"Korea, Rep.",Yes,Yes,Yes,NA,1,1,1,NA,KR,Seoul,126.957,37.5323,EAS,Z4,East Asia & Pacific,NA,NA,NA,HIC,XD,High income,LNX,XX,Not classified
XKX,Kosovo,0,0,0,0,0,0,0,0,XK,Pristina,20.926,42.565,ECS,Z7,Europe & Central Asia,ECA,7E,Europe & Central Asia (excluding high income),UMC,XT,Upper middle income,IDX,XI,IDA
KWT,Kuwait,Yes,Yes,Yes,NA,1,1,1,NA,KW,Kuwait City,47.9824,29.3721,MEA,ZQ,Middle East & North Africa,NA,NA,NA,HIC,XD,High income,LNX,XX,Not classified
KGZ,Kyrgyz Republic,Yes,Yes,Yes,Yes,1,1,1,1,KG,Bishkek,74.6057,42.8851,ECS,Z7,Europe & Central Asia,ECA,7E,Europe & Central Asia (excluding high income),LMC,XN,Lower middle income,IDX,XI,IDA
LAO,Lao PDR,0,0,0,0,0,0,0,0,LA,Vientiane,102.177,18.5826,EAS,Z4,East Asia & Pacific,EAP,4E,East Asia & Pacific (excluding high income),LMC,XN,Lower middle income,IDX,XI,IDA
LVA,Latvia,Yes,Yes,Yes,NA,1,1,1,NA,LV,Riga,24.1048,56.9465,ECS,Z7,Europe & Central Asia,NA,NA,NA,HIC,XD,High income,LNX,XX,Not classified
LBN,Lebanon,Yes,Yes,Yes,Yes,1,1,1,1,LB,Beirut,35.5134,33.8872,MEA,ZQ,Middle East & North Africa,MNA,XQ,Middle East & North Africa (excluding high income),UMC,XT,Upper middle income,IBD,XF,IBRD
LSO,Lesotho,0,0,0,0,0,0,0,0,LS,Maseru,27.7167,-29.5208,SSF,ZG,Sub-Saharan Africa ,SSA,ZF,Sub-Saharan Africa (excluding high income),LMC,XN,Lower middle income,IDX,XI,IDA
LBR,Liberia,0,0,0,0,0,0,0,0,LR,Monrovia,-10.7957,6.30039,SSF,ZG,Sub-Saharan Africa ,SSA,ZF,Sub-Saharan Africa (excluding high income),LIC,XM,Low income,IDX,XI,IDA
LBY,Libya,0,0,0,0,0,0,0,0,LY,Tripoli,13.1072,32.8578,MEA,ZQ,Middle East & North Africa,MNA,XQ,Middle East & North Africa (excluding high income),UMC,XT,Upper middle income,IBD,XF,IBRD
LTU,Lithuania,Yes,Yes,Yes,NA,1,1,1,NA,LT,Vilnius,25.2799,54.6896,ECS,Z7,Europe & Central Asia,NA,NA,NA,HIC,XD,High income,LNX,XX,Not classified
LUX,Luxembourg,Yes,Yes,Yes,NA,1,1,1,NA,LU,Luxembourg,6.1296,49.61,ECS,Z7,Europe & Central Asia,NA,NA,NA,HIC,XD,High income,LNX,XX,Not classified
MDG,Madagascar,0,0,0,0,0,0,0,0,MG,Antananarivo,45.7167,-20.4667,SSF,ZG,Sub-Saharan Africa ,SSA,ZF,Sub-Saharan Africa (excluding high income),LIC,XM,Low income,IDX,XI,IDA
MWI,Malawi,0,0,0,0,0,0,0,0,MW,Lilongwe,33.7703,-13.9899,SSF,ZG,Sub-Saharan Africa ,SSA,ZF,Sub-Saharan Africa (excluding high income),LIC,XM,Low income,IDX,XI,IDA
MYS,Malaysia,Yes,Yes,Yes,Yes,1,1,1,1,MY,Kuala Lumpur,101.684,3.12433,EAS,Z4,East Asia & Pacific,EAP,4E,East Asia & Pacific (excluding high income),UMC,XT,Upper middle income,IBD,XF,IBRD
MDV,Maldives,Yes,Yes,Yes,Yes,1,1,1,1,MV,Male,73.5109,4.1742,SAS,8S,South Asia,SAS,8S,South Asia,UMC,XT,Upper middle income,IDX,XI,IDA
MLI,Mali,0,0,0,0,0,0,0,0,ML,Bamako,-7.50034,13.5667,SSF,ZG,Sub-Saharan Africa ,SSA,ZF,Sub-Saharan Africa (excluding high income),LIC,XM,Low income,IDX,XI,IDA
MLT,Malta,Yes,Yes,Yes,NA,1,1,1,NA,MT,Valletta,14.5189,35.9042,MEA,ZQ,Middle East & North Africa,NA,NA,NA,HIC,XD,High income,LNX,XX,Not classified
MHL,Marshall Islands,0,0,0,0,0,0,0,0,MH,Majuro,171.135,7.11046,EAS,Z4,East Asia & Pacific,EAP,4E,East Asia & Pacific (excluding high income),UMC,XT,Upper middle income,IDX,XI,IDA
MRT,Mauritania,0,0,0,0,0,0,0,0,MR,Nouakchott,-15.9824,18.2367,SSF,ZG,Sub-Saharan Africa ,SSA,ZF,Sub-Saharan Africa (excluding high income),LMC,XN,Lower middle income,IDX,XI,IDA
MUS,Mauritius,Yes,Yes,Yes,Yes,1,1,1,1,MU,Port Louis,57.4977,-20.1605,SSF,ZG,Sub-Saharan Africa ,SSA,ZF,Sub-Saharan Africa (excluding high income),UMC,XT,Upper middle income,IBD,XF,IBRD
MEX,Mexico,Yes,Yes,Yes,Yes,1,1,1,1,MX,Mexico City,-99.1276,19.427,LCN,ZJ,Latin America & Caribbean ,LAC,XJ,Latin America & Caribbean (excluding high income),UMC,XT,Upper middle income,IBD,XF,IBRD
FSM,"Micronesia, Fed. Sts.",0,0,0,0,0,0,0,0,FM,Palikir,158.185,6.91771,EAS,Z4,East Asia & Pacific,EAP,4E,East Asia & Pacific (excluding high income),LMC,XN,Lower middle income,IDX,XI,IDA
MDA,Moldova,Yes,Yes,Yes,Yes,1,1,1,1,MD,Chisinau,28.8497,47.0167,ECS,Z7,Europe & Central Asia,ECA,7E,Europe & Central Asia (excluding high income),LMC,XN,Lower middle income,IDB,XH,Blend
MNG,Mongolia,Yes,Yes,Yes,Yes,1,1,1,1,MN,Ulaanbaatar,106.937,47.9129,EAS,Z4,East Asia & Pacific,EAP,4E,East Asia & Pacific (excluding high income),LMC,XN,Lower middle income,IDB,XH,Blend
MNE,Montenegro,Yes,Yes,Yes,Yes,1,1,1,1,ME,Podgorica,19.2595,42.4602,ECS,Z7,Europe & Central Asia,ECA,7E,Europe & Central Asia (excluding high income),UMC,XT,Upper middle income,IBD,XF,IBRD
MAR,Morocco,0,0,0,0,0,0,0,0,MA,Rabat,-6.8704,33.9905,MEA,ZQ,Middle East & North Africa,MNA,XQ,Middle East & North Africa (excluding high income),LMC,XN,Lower middle income,IBD,XF,IBRD
MOZ,Mozambique,0,0,0,0,0,0,0,0,MZ,Maputo,32.5713,-25.9664,SSF,ZG,Sub-Saharan Africa ,SSA,ZF,Sub-Saharan Africa (excluding high income),LIC,XM,Low income,IDX,XI,IDA
MMR,Myanmar,0,0,0,0,0,0,0,0,MM,Naypyidaw,95.9562,21.914,EAS,Z4,East Asia & Pacific,EAP,4E,East Asia & Pacific (excluding high income),LMC,XN,Lower middle income,IDX,XI,IDA
NAM,Namibia,0,0,0,0,0,0,0,0,"NA",Windhoek,17.0931,-22.5648,SSF,ZG,Sub-Saharan Africa ,SSA,ZF,Sub-Saharan Africa (excluding high income),UMC,XT,Upper middle income,IBD,XF,IBRD
NRU,Nauru,Yes,Yes,Yes,Yes,1,1,1,1,NR,Yaren District,166.920867,-0.5477,EAS,Z4,East Asia & Pacific,EAP,4E,East Asia & Pacific (excluding high income),UMC,XT,Upper middle income,IBD,XF,IBRD
NPL,Nepal,0,0,0,0,0,0,0,0,NP,Kathmandu,85.3157,27.6939,SAS,8S,South Asia,SAS,8S,South Asia,LIC,XM,Low income,IDX,XI,IDA
NLD,Netherlands,Yes,Yes,Yes,NA,1,1,1,NA,NL,Amsterdam,4.89095,52.3738,ECS,Z7,Europe & Central Asia,NA,NA,NA,HIC,XD,High income,LNX,XX,Not classified
NZL,New Zealand,Yes,Yes,Yes,NA,1,1,1,NA,NZ,Wellington,174.776,-41.2865,EAS,Z4,East Asia & Pacific,NA,NA,NA,HIC,XD,High income,LNX,XX,Not classified
NIC,Nicaragua,0,0,0,0,0,0,0,0,NI,Managua,-86.2734,12.1475,LCN,ZJ,Latin America & Caribbean ,LAC,XJ,Latin America & Caribbean (excluding high income),LMC,XN,Lower middle income,IDX,XI,IDA
NER,Niger,0,0,0,0,0,0,0,0,NE,Niamey,2.1073,13.514,SSF,ZG,Sub-Saharan Africa ,SSA,ZF,Sub-Saharan Africa (excluding high income),LIC,XM,Low income,IDX,XI,IDA
NGA,Nigeria,0,0,0,0,0,0,0,0,NG,Abuja,7.48906,9.05804,SSF,ZG,Sub-Saharan Africa ,SSA,ZF,Sub-Saharan Africa (excluding high income),LMC,XN,Lower middle income,IDB,XH,Blend
MKD,North Macedonia,Yes,Yes,Yes,Yes,1,1,1,1,MK,Skopje,21.4361,42.0024,ECS,Z7,Europe & Central Asia,ECA,7E,Europe & Central Asia (excluding high income),UMC,XT,Upper middle income,IBD,XF,IBRD
NOR,Norway,Yes,Yes,Yes,NA,1,1,1,NA,NO,Oslo,10.7387,59.9138,ECS,Z7,Europe & Central Asia,NA,NA,NA,HIC,XD,High income,LNX,XX,Not classified
OMN,Oman,0,0,0,NA,0,0,0,NA,OM,Muscat,58.5874,23.6105,MEA,ZQ,Middle East & North Africa,NA,NA,NA,HIC,XD,High income,LNX,XX,Not classified
PAK,Pakistan,0,0,0,0,0,0,0,0,PK,Islamabad,72.8,30.5167,SAS,8S,South Asia,SAS,8S,South Asia,LMC,XN,Lower middle income,IDB,XH,Blend
PLW,Palau,Yes,Yes,Yes,Yes,1,1,1,1,PW,Koror,134.479,7.34194,EAS,Z4,East Asia & Pacific,NA,NA,NA,HIC,XD,High income,IBD,XF,IBRD
PAN,Panama,0,0,Yes,Yes,0,0,1,1,PA,Panama City,-79.5188,8.99427,LCN,ZJ,Latin America & Caribbean ,NA,NA,NA,HIC,XD,High income,IBD,XF,IBRD
PNG,Papua New Guinea,0,0,0,0,0,0,0,0,PG,Port Moresby,147.194,-9.47357,EAS,Z4,East Asia & Pacific,EAP,4E,East Asia & Pacific (excluding high income),LMC,XN,Lower middle income,IDB,XH,Blend
PRY,Paraguay,0,0,0,0,0,0,0,0,PY,Asuncion,-57.6362,-25.3005,LCN,ZJ,Latin America & Caribbean ,LAC,XJ,Latin America & Caribbean (excluding high income),UMC,XT,Upper middle income,IBD,XF,IBRD
PER,Peru,0,0,0,0,0,0,0,0,PE,Lima,-77.0465,-12.0931,LCN,ZJ,Latin America & Caribbean ,LAC,XJ,Latin America & Caribbean (excluding high income),UMC,XT,Upper middle income,IBD,XF,IBRD
PHL,Philippines,Yes,Yes,Yes,Yes,1,1,1,1,PH,Manila,121.035,14.5515,EAS,Z4,East Asia & Pacific,EAP,4E,East Asia & Pacific (excluding high income),LMC,XN,Lower middle income,IBD,XF,IBRD
POL,Poland,Yes,Yes,Yes,Yes,1,1,1,1,PL,Warsaw,21.02,52.26,ECS,Z7,Europe & Central Asia,NA,NA,NA,HIC,XD,High income,IBD,XF,IBRD
PRT,Portugal,Yes,Yes,Yes,NA,1,1,1,NA,PT,Lisbon,-9.13552,38.7072,ECS,Z7,Europe & Central Asia,NA,NA,NA,HIC,XD,High income,LNX,XX,Not classified
QAT,Qatar,Yes,Yes,Yes,NA,1,1,1,NA,QA,Doha,51.5082,25.2948,MEA,ZQ,Middle East & North Africa,NA,NA,NA,HIC,XD,High income,LNX,XX,Not classified
ROU,Romania,Yes,Yes,Yes,Yes,1,1,1,1,RO,Bucharest,26.0979,44.4479,ECS,Z7,Europe & Central Asia,ECA,7E,Europe & Central Asia (excluding high income),UMC,XT,Upper middle income,IBD,XF,IBRD
RUS,Russian Federation,Yes,Yes,Yes,Yes,1,1,1,1,RU,Moscow,37.6176,55.7558,ECS,Z7,Europe & Central Asia,ECA,7E,Europe & Central Asia (excluding high income),UMC,XT,Upper middle income,IBD,XF,IBRD
RWA,Rwanda,0,0,0,0,0,0,0,0,RW,Kigali,30.0587,-1.95325,SSF,ZG,Sub-Saharan Africa ,SSA,ZF,Sub-Saharan Africa (excluding high income),LIC,XM,Low income,IDX,XI,IDA
WSM,Samoa,0,0,0,0,0,0,0,0,WS,Apia,-171.752,-13.8314,EAS,Z4,East Asia & Pacific,EAP,4E,East Asia & Pacific (excluding high income),UMC,XT,Upper middle income,IDX,XI,IDA
SMR,San Marino,Yes,Yes,Yes,NA,1,1,1,NA,SM,San Marino,12.4486,43.9322,ECS,Z7,Europe & Central Asia,NA,NA,NA,HIC,XD,High income,LNX,XX,Not classified
STP,Sao Tome and Principe,0,0,Yes,Yes,0,0,1,1,ST,Sao Tome,6.6071,0.20618,SSF,ZG,Sub-Saharan Africa ,SSA,ZF,Sub-Saharan Africa (excluding high income),LMC,XN,Lower middle income,IDX,XI,IDA
SAU,Saudi Arabia,0,0,0,NA,0,0,0,NA,SA,Riyadh,46.6977,24.6748,MEA,ZQ,Middle East & North Africa,NA,NA,NA,HIC,XD,High income,LNX,XX,Not classified
SEN,Senegal,0,0,0,0,0,0,0,0,SN,Dakar,-17.4734,14.7247,SSF,ZG,Sub-Saharan Africa ,SSA,ZF,Sub-Saharan Africa (excluding high income),LMC,XN,Lower middle income,IDX,XI,IDA
SRB,Serbia,Yes,Yes,Yes,Yes,1,1,1,1,RS,Belgrade,20.4656,44.8024,ECS,Z7,Europe & Central Asia,ECA,7E,Europe & Central Asia (excluding high income),UMC,XT,Upper middle income,IBD,XF,IBRD
SYC,Seychelles,Yes,Yes,Yes,Yes,1,1,1,1,SC,Victoria,55.4466,-4.6309,SSF,ZG,Sub-Saharan Africa ,NA,NA,NA,HIC,XD,High income,IBD,XF,IBRD
SLE,Sierra Leone,0,0,0,0,0,0,0,0,SL,Freetown,-13.2134,8.4821,SSF,ZG,Sub-Saharan Africa ,SSA,ZF,Sub-Saharan Africa (excluding high income),LIC,XM,Low income,IDX,XI,IDA
SGP,Singapore,Yes,Yes,Yes,NA,1,1,1,NA,SG,Singapore,103.85,1.28941,EAS,Z4,East Asia & Pacific,NA,NA,NA,HIC,XD,High income,LNX,XX,Not classified
SVK,Slovak Republic,Yes,Yes,Yes,NA,1,1,1,NA,SK,Bratislava,17.1073,48.1484,ECS,Z7,Europe & Central Asia,NA,NA,NA,HIC,XD,High income,LNX,XX,Not classified
SVN,Slovenia,Yes,Yes,Yes,NA,1,1,1,NA,SI,Ljubljana,14.5044,46.0546,ECS,Z7,Europe & Central Asia,NA,NA,NA,HIC,XD,High income,LNX,XX,Not classified
SLB,Solomon Islands,0,0,0,0,0,0,0,0,SB,Honiara,159.949,-9.42676,EAS,Z4,East Asia & Pacific,EAP,4E,East Asia & Pacific (excluding high income),LMC,XN,Lower middle income,IDX,XI,IDA
SOM,Somalia,0,0,0,0,0,0,0,0,SO,Mogadishu,45.3254,2.07515,SSF,ZG,Sub-Saharan Africa ,SSA,ZF,Sub-Saharan Africa (excluding high income),LIC,XM,Low income,IDX,XI,IDA
ZAF,South Africa,0,0,0,0,0,0,0,0,ZA,Pretoria,28.1871,-25.746,SSF,ZG,Sub-Saharan Africa ,SSA,ZF,Sub-Saharan Africa (excluding high income),UMC,XT,Upper middle income,IBD,XF,IBRD
SSD,South Sudan,0,0,0,0,0,0,0,0,SS,Juba,31.6,4.85,SSF,ZG,Sub-Saharan Africa ,SSA,ZF,Sub-Saharan Africa (excluding high income),LIC,XM,Low income,IDX,XI,IDA
ESP,Spain,Yes,Yes,Yes,NA,1,1,1,NA,ES,Madrid,-3.70327,40.4167,ECS,Z7,Europe & Central Asia,NA,NA,NA,HIC,XD,High income,LNX,XX,Not classified
LKA,Sri Lanka,Yes,Yes,Yes,Yes,1,1,1,1,LK,Colombo,79.8528,6.92148,SAS,8S,South Asia,SAS,8S,South Asia,UMC,XT,Upper middle income,IBD,XF,IBRD
KNA,St. Kitts and Nevis,Yes,Yes,Yes,Yes,1,1,1,1,KN,Basseterre,-62.7309,17.3,LCN,ZJ,Latin America & Caribbean ,NA,NA,NA,HIC,XD,High income,IBD,XF,IBRD
LCA,St. Lucia,Yes,Yes,Yes,Yes,1,1,1,1,LC,Castries,-60.9832,14,LCN,ZJ,Latin America & Caribbean ,LAC,XJ,Latin America & Caribbean (excluding high income),UMC,XT,Upper middle income,IDB,XH,Blend
VCT,St. Vincent and the Grenadines,Yes,Yes,Yes,Yes,1,1,1,1,VC,Kingstown,-61.2653,13.2035,LCN,ZJ,Latin America & Caribbean ,LAC,XJ,Latin America & Caribbean (excluding high income),UMC,XT,Upper middle income,IDB,XH,Blend
SDN,Sudan,0,0,0,0,0,0,0,0,SD,Khartoum,32.5363,15.5932,SSF,ZG,Sub-Saharan Africa ,SSA,ZF,Sub-Saharan Africa (excluding high income),LMC,XN,Lower middle income,IDX,XI,IDA
SUR,Suriname,Yes,Yes,Yes,Yes,1,1,1,1,SR,Paramaribo,-55.1679,5.8232,LCN,ZJ,Latin America & Caribbean ,LAC,XJ,Latin America & Caribbean (excluding high income),UMC,XT,Upper middle income,IBD,XF,IBRD
SWE,Sweden,Yes,Yes,Yes,NA,1,1,1,NA,SE,Stockholm,18.0645,59.3327,ECS,Z7,Europe & Central Asia,NA,NA,NA,HIC,XD,High income,LNX,XX,Not classified
CHE,Switzerland,Yes,Yes,Yes,NA,1,1,1,NA,CH,Bern,7.44821,46.948,ECS,Z7,Europe & Central Asia,NA,NA,NA,HIC,XD,High income,LNX,XX,Not classified
SYR,Syrian Arab Republic,0,0,0,0,0,0,0,0,SY,Damascus,36.3119,33.5146,MEA,ZQ,Middle East & North Africa,MNA,XQ,Middle East & North Africa (excluding high income),LIC,XM,Low income,IDX,XI,IDA
TJK,Tajikistan,0,0,0,0,0,0,0,0,TJ,Dushanbe,68.7864,38.5878,ECS,Z7,Europe & Central Asia,ECA,7E,Europe & Central Asia (excluding high income),LIC,XM,Low income,IDX,XI,IDA
TZA,Tanzania,0,0,0,0,0,0,0,0,TZ,Dodoma,35.7382,-6.17486,SSF,ZG,Sub-Saharan Africa ,SSA,ZF,Sub-Saharan Africa (excluding high income),LIC,XM,Low income,IDX,XI,IDA
THA,Thailand,0,0,0,0,0,0,0,0,TH,Bangkok,100.521,13.7308,EAS,Z4,East Asia & Pacific,EAP,4E,East Asia & Pacific (excluding high income),UMC,XT,Upper middle income,IBD,XF,IBRD
TLS,Timor-Leste,0,0,0,0,0,0,0,0,TL,Dili,125.567,-8.56667,EAS,Z4,East Asia & Pacific,EAP,4E,East Asia & Pacific (excluding high income),LMC,XN,Lower middle income,IDB,XH,Blend
TGO,Togo,0,0,0,0,0,0,0,0,TG,Lome,1.2255,6.1228,SSF,ZG,Sub-Saharan Africa ,SSA,ZF,Sub-Saharan Africa (excluding high income),LIC,XM,Low income,IDX,XI,IDA
TON,Tonga,0,0,0,0,0,0,0,0,TO,Nuku'alofa,-175.216,-21.136,EAS,Z4,East Asia & Pacific,EAP,4E,East Asia & Pacific (excluding high income),UMC,XT,Upper middle income,IDX,XI,IDA
TTO,Trinidad and Tobago,Yes,Yes,Yes,Yes,1,1,1,1,TT,Port-of-Spain,-61.4789,10.6596,LCN,ZJ,Latin America & Caribbean ,NA,NA,NA,HIC,XD,High income,IBD,XF,IBRD
TUN,Tunisia,0,0,0,0,0,0,0,0,TN,Tunis,10.21,36.7899,MEA,ZQ,Middle East & North Africa,MNA,XQ,Middle East & North Africa (excluding high income),LMC,XN,Lower middle income,IBD,XF,IBRD
TUR,Turkey,Yes,Yes,Yes,Yes,1,1,1,1,TR,Ankara,32.3606,39.7153,ECS,Z7,Europe & Central Asia,ECA,7E,Europe & Central Asia (excluding high income),UMC,XT,Upper middle income,IBD,XF,IBRD
TKM,Turkmenistan,0,0,0,0,0,0,0,0,TM,Ashgabat,58.3794,37.9509,ECS,Z7,Europe & Central Asia,ECA,7E,Europe & Central Asia (excluding high income),UMC,XT,Upper middle income,IBD,XF,IBRD
TUV,Tuvalu,0,0,0,0,0,0,0,0,TV,Funafuti,179.089567,-8.6314877,EAS,Z4,East Asia & Pacific,EAP,4E,East Asia & Pacific (excluding high income),UMC,XT,Upper middle income,IDX,XI,IDA
UGA,Uganda,0,0,0,0,0,0,0,0,UG,Kampala,32.5729,0.314269,SSF,ZG,Sub-Saharan Africa ,SSA,ZF,Sub-Saharan Africa (excluding high income),LIC,XM,Low income,IDX,XI,IDA
UKR,Ukraine,Yes,Yes,Yes,Yes,1,1,1,1,UA,Kiev,30.5038,50.4536,ECS,Z7,Europe & Central Asia,ECA,7E,Europe & Central Asia (excluding high income),LMC,XN,Lower middle income,IBD,XF,IBRD
ARE,United Arab Emirates,0,0,0,NA,0,0,0,NA,AE,Abu Dhabi,54.3705,24.4764,MEA,ZQ,Middle East & North Africa,NA,NA,NA,HIC,XD,High income,LNX,XX,Not classified
GBR,United Kingdom,Yes,Yes,Yes,NA,1,1,1,NA,GB,London,-0.126236,51.5002,ECS,Z7,Europe & Central Asia,NA,NA,NA,HIC,XD,High income,LNX,XX,Not classified
USA,United States,Yes,Yes,Yes,NA,1,1,1,NA,US,Washington D.C.,-77.032,38.8895,NAC,XU,North America,NA,NA,NA,HIC,XD,High income,LNX,XX,Not classified
URY,Uruguay,Yes,Yes,Yes,Yes,1,1,1,1,UY,Montevideo,-56.0675,-34.8941,LCN,ZJ,Latin America & Caribbean ,NA,NA,NA,HIC,XD,High income,IBD,XF,IBRD
UZB,Uzbekistan,Yes,Yes,Yes,Yes,1,1,1,1,UZ,Tashkent,69.269,41.3052,ECS,Z7,Europe & Central Asia,ECA,7E,Europe & Central Asia (excluding high income),LMC,XN,Lower middle income,IDB,XH,Blend
VUT,Vanuatu,0,0,0,0,0,0,0,0,VU,Port-Vila,168.321,-17.7404,EAS,Z4,East Asia & Pacific,EAP,4E,East Asia & Pacific (excluding high income),LMC,XN,Lower middle income,IDX,XI,IDA
VEN,"Venezuela, RB",0,0,0,0,0,0,0,0,VE,Caracas,-69.8371,9.08165,LCN,ZJ,Latin America & Caribbean ,LAC,XJ,Latin America & Caribbean (excluding high income),UMC,XT,Upper middle income,IBD,XF,IBRD
VNM,Vietnam,Yes,Yes,Yes,Yes,1,1,1,1,VN,Hanoi,105.825,21.0069,EAS,Z4,East Asia & Pacific,EAP,4E,East Asia & Pacific (excluding high income),LMC,XN,Lower middle income,IBD,XF,IBRD
PSE,West Bank and Gaza,0,0,0,0,0,0,0,0,PS,NA,NA,NA,MEA,ZQ,Middle East & North Africa,MNA,XQ,Middle East & North Africa (excluding high income),LMC,XN,Lower middle income,LNX,XX,Not classified
YEM,"Yemen, Rep.",0,0,0,0,0,0,0,0,YE,Sana'a,44.2075,15.352,MEA,ZQ,Middle East & North Africa,MNA,XQ,Middle East & North Africa (excluding high income),LIC,XM,Low income,IDX,XI,IDA
ZMB,Zambia,0,0,0,0,0,0,0,0,ZM,Lusaka,28.2937,-15.3982,SSF,ZG,Sub-Saharan Africa ,SSA,ZF,Sub-Saharan Africa (excluding high income),LMC,XN,Lower middle income,IDX,XI,IDA
ZWE,Zimbabwe,0,0,0,0,0,0,0,0,ZW,Harare,31.0672,-17.8312,SSF,ZG,Sub-Saharan Africa ,SSA,ZF,Sub-Saharan Africa (excluding high income),LMC,XN,Lower middle income,IDB,XH,Blend
